method,rows,seed,compression,test_latency_seconds_median,test_latency_seconds_samples,process_peak_rss_bytes,compile.kl,compile.js,compile.agreement,compile.accuracy,compile.log_loss,compile.roc_auc,validation.kl,validation.js,validation.agreement,validation.accuracy,validation.log_loss,validation.roc_auc,test.kl,test.js,test.agreement,test.accuracy,test.log_loss,test.roc_auc,best_step,training_seconds,label_min,label_max
full,507,42,1.0,0.36942812497727573,"[0.3680064999498427, 0.36942812497727573, 0.3731476250104606]",2284797952,0.0,0.0,1.0,0.8816568047337278,0.2591405510902405,0.9795934846806941,0.0,0.0,1.0,0.9764705882352941,0.10758377611637115,0.9985344516594516,0.0,0.0,1.0,0.8470588235294118,0.3508138060569763,0.956331637112887,,,,
random,8,42,63.375,0.09155866596847773,"[0.09408312500454485, 0.09155866596847773, 0.09019733406603336]",2284797952,1.0834674835205078,0.3018744885921478,0.40236687660217285,0.33136094674556216,1.3601269721984863,0.6936461794019935,1.1428083181381226,0.3163932263851166,0.3529411852359772,0.32941176470588235,1.3283445835113525,0.8010340007215007,1.1020222902297974,0.3048776388168335,0.3176470696926117,0.29411764705882354,1.3539230823516846,0.7373417034354535,,,,
synthetic_random,8,42,63.375,0.0933728339150548,"[0.09342262498103082, 0.0933728339150548, 0.09295608394313604]",2284797952,0.6987426280975342,0.19911178946495056,0.5857987999916077,0.5207100591715976,0.9812643527984619,0.8592054263565891,0.7618340253829956,0.216467022895813,0.6235294342041016,0.6,0.9417175054550171,0.9015544524919524,0.7698536515235901,0.2169022262096405,0.4941176474094391,0.5058823529411764,1.046980381011963,0.8158855901043401,50.0,10.455505374935456,0.0,3.0
stratified,8,42,63.375,0.09564312500879169,"[0.09564312500879169, 0.0959522919729352, 0.09199304191861302]",2284797952,1.0065815448760986,0.28396785259246826,0.45562130212783813,0.44970414201183434,1.260801076889038,0.7341385197489848,1.0383352041244507,0.2933013439178467,0.5647059082984924,0.5529411764705883,1.2259039878845215,0.7603587905150404,1.0036680698394775,0.2838926613330841,0.4470588266849518,0.43529411764705883,1.255192756652832,0.7333743686868688,,,,
synthetic_stratified,8,42,63.375,0.09413291700184345,"[0.0930945830186829, 0.09413291700184345, 0.09433587500825524]",2284797952,0.841802716255188,0.23754562437534332,0.5207100510597229,0.4970414201183432,1.130743384361267,0.7842515688445921,0.8426639437675476,0.2402537763118744,0.6000000238418579,0.5882352941176471,1.0310654640197754,0.8484985153735154,0.8344743847846985,0.23591579496860504,0.529411792755127,0.5529411764705883,1.0781630277633667,0.8201157696470196,50.0,9.276995999971405,0.0,3.0
random,8,43,63.375,0.0909605419728905,"[0.0909605419728905, 0.09044354199431837, 0.09129470807965845]",2284797952,3.48504900932312,0.36796289682388306,0.3372780978679657,0.35502958579881655,3.340646982192993,0.7010220561092654,3.1747775077819824,0.35687875747680664,0.4000000059604645,0.4,3.347111701965332,0.7597104111166612,3.178236961364746,0.3494279384613037,0.4000000059604645,0.4,3.328451633453369,0.76594083000333,,,,
synthetic_random,8,43,63.375,0.09256208303850144,"[0.09065795794595033, 0.09304491698276252, 0.09256208303850144]",2284797952,3.3157103061676025,0.3225627541542053,0.48520711064338684,0.5088757396449705,3.180344343185425,0.7585594315245479,2.972683906555176,0.3024367392063141,0.5529412031173706,0.5647058823529412,3.143554210662842,0.7868265935453436,3.006532669067383,0.30391135811805725,0.5647059082984924,0.5529411764705883,3.1713783740997314,0.7542335095460095,50.0,9.004377917037345,0.0,3.0
stratified,8,43,63.375,0.09109387500211596,"[0.09109387500211596, 0.08920337504241616, 0.09286308300215751]",2284797952,1.0803881883621216,0.2841852009296417,0.47337278723716736,0.4260355029585799,1.4058276414871216,0.6296650055370985,1.162145972251892,0.30116793513298035,0.5411764979362488,0.5294117647058824,1.3392188549041748,0.6587424901487402,1.2078187465667725,0.3062552511692047,0.42352941632270813,0.4,1.4855297803878784,0.6043538752913753,,,,
synthetic_stratified,8,43,63.375,0.08925262500997633,"[0.09594666701741517, 0.08920095895882696, 0.08925262500997633]",2284797952,0.8847867250442505,0.24180573225021362,0.5739644765853882,0.514792899408284,1.2129769325256348,0.7339862495385753,0.9137524962425232,0.24997477233409882,0.5647059082984924,0.5529411764705883,1.078230857849121,0.7932510198135199,0.9990013837814331,0.26324838399887085,0.48235294222831726,0.43529411764705883,1.3058680295944214,0.7027731643356643,50.0,9.000649583991617,0.0,3.0
random,8,44,63.375,0.0912742919754237,"[0.09880241705104709, 0.0896910410374403, 0.0912742919754237]",2284797952,2.7331137657165527,0.340271919965744,0.39053255319595337,0.40236686390532544,3.3019368648529053,0.6978105389442598,2.9536304473876953,0.3243960738182068,0.47058823704719543,0.47058823529411764,3.1393468379974365,0.7434572805666555,2.821643352508545,0.3255264163017273,0.43529412150382996,0.43529411764705883,3.2343645095825195,0.703281302031302,,,,
synthetic_random,8,44,63.375,0.12525849998928607,"[0.13392691605258733, 0.1234255830058828, 0.12525849998928607]",2284797952,2.3622303009033203,0.24296939373016357,0.6213017702102661,0.5798816568047337,3.004974365234375,0.7816306755260244,2.6609840393066406,0.2459302544593811,0.658823549747467,0.6588235294117647,2.8452327251434326,0.8120353344572093,2.5646462440490723,0.25662240386009216,0.5647059082984924,0.5764705882352941,2.951526165008545,0.7828997218059718,50.0,9.221737083978951,0.0,3.0
stratified,8,44,63.375,0.1308871249202639,"[0.13744650001171976, 0.1308871249202639, 0.12794495804701]",2284797952,1.0945905447006226,0.30540040135383606,0.40236687660217285,0.39644970414201186,1.3429867029190063,0.6913275193798449,1.1299059391021729,0.3148939311504364,0.47058823704719543,0.4470588235294118,1.3164494037628174,0.7496128524253525,1.0956794023513794,0.30544254183769226,0.43529412150382996,0.4235294117647059,1.3370246887207031,0.6875446255133755,,,,
synthetic_stratified,8,44,63.375,0.1265637920005247,"[0.13148229103535414, 0.1265637920005247, 0.12638204207178205]",2284797952,1.0026540756225586,0.28372618556022644,0.5147929191589355,0.48520710059171596,1.2556061744689941,0.7739456441491325,1.0375818014144897,0.2931915521621704,0.5764706134796143,0.5529411764705883,1.2225583791732788,0.8337415015540015,1.0208982229232788,0.2880764603614807,0.529411792755127,0.5058823529411764,1.2657980918884277,0.7798313318625818,50.0,9.858439584029838,0.0,3.0
random,32,42,15.84375,0.09987425000872463,"[0.10299820790532976, 0.09983870794530958, 0.09987425000872463]",2284797952,0.5398560762405396,0.1598663628101349,0.6863905191421509,0.6627218934911243,0.806515097618103,0.8931755260243632,0.5215344429016113,0.15531618893146515,0.7764706015586853,0.7647058823529411,0.6882268786430359,0.9291457153957153,0.5593108534812927,0.16278861463069916,0.6352941393852234,0.5882352941176471,0.8325377702713013,0.8745142877955379,,,,
synthetic_random,32,42,15.84375,0.09802266699261963,"[0.10022616595961154, 0.09802266699261963, 0.09603729203809053]",2284797952,0.08392416685819626,0.022262491285800934,0.8757396340370178,0.8165680473372781,0.3972146213054657,0.9516657438169066,0.17392033338546753,0.046258099377155304,0.8352941274642944,0.8470588235294118,0.31855398416519165,0.9657061688311688,0.2354334443807602,0.058821436017751694,0.7882353067398071,0.7176470588235294,0.5256293416023254,0.9224008977133977,50.0,10.318589375005104,0.0,3.0
stratified,32,42,15.84375,0.09956208302173764,"[0.09988487500231713, 0.09707033401355147, 0.09956208302173764]",2284797952,0.7197293043136597,0.18948706984519958,0.6213017702102661,0.6153846153846154,0.9573692679405212,0.8590831487633813,0.5466766953468323,0.15091364085674286,0.7647058963775635,0.7764705882352941,0.7085054516792297,0.9239188589188588,0.7327926158905029,0.18851689994335175,0.6470588445663452,0.6352941176470588,1.0155324935913086,0.842194610944611,,,,
synthetic_stratified,32,42,15.84375,0.09738966694567353,"[0.09738966694567353, 0.09838924999348819, 0.09699633403215557]",2284797952,0.07683706283569336,0.021346542984247208,0.88165682554245,0.8106508875739645,0.3952493667602539,0.9504083610188261,0.11464782059192657,0.032292842864990234,0.9058823585510254,0.9176470588235294,0.25279152393341064,0.9849943806193806,0.1754235029220581,0.04470665007829666,0.8117647171020508,0.7294117647058823,0.4508708417415619,0.9398485368797869,40.0,9.559614166035317,0.0,3.0
random,32,43,15.84375,0.09854504198301584,"[0.09854504198301584, 0.09950504102744162, 0.09773929207585752]",2284797952,0.6774435639381409,0.19011610746383667,0.6213017702102661,0.5798816568047337,0.9530448317527771,0.856344592100406,0.648772120475769,0.18670374155044556,0.7058823704719543,0.6941176470588235,0.823603630065918,0.92576681998557,0.7594207525253296,0.2080233097076416,0.5882353186607361,0.6,0.9875867962837219,0.8408373223998225,,,,
synthetic_random,32,43,15.84375,0.11436858307570219,"[0.10349949996452779, 0.1438094589393586, 0.11436858307570219]",2284797952,0.08462744951248169,0.023158274590969086,0.857988178730011,0.8106508875739645,0.40040841698646545,0.9481035437430786,0.12721370160579681,0.03313479945063591,0.9058823585510254,0.8941176470588236,0.2786904275417328,0.9819724372849372,0.18907524645328522,0.049066781997680664,0.8470588326454163,0.8352941176470589,0.4333190321922302,0.9536790813353313,50.0,10.173227375023998,0.0,3.0
stratified,32,43,15.84375,0.15675516601186246,"[0.15675516601186246, 0.1893575000576675, 0.14772887504659593]",2284797952,0.5132037997245789,0.13032962381839752,0.692307710647583,0.6982248520710059,0.727311372756958,0.8907876522702104,0.5483354330062866,0.13830186426639557,0.7058823704719543,0.7294117647058823,0.6750242710113525,0.9025052378177378,0.6095119714736938,0.14560049772262573,0.6352941393852234,0.5882352941176471,0.9966498613357544,0.8250583964646464,,,,
synthetic_stratified,32,43,15.84375,0.11127870890777558,"[0.20723687496501952, 0.11127870890777558, 0.10402354097459465]",2284797952,0.07594446837902069,0.020430613309144974,0.9053254723548889,0.8106508875739645,0.3517741560935974,0.9596137873754154,0.15417170524597168,0.042415447533130646,0.8941176533699036,0.8705882352941177,0.2827318608760834,0.9765568632756133,0.1697121411561966,0.04249347746372223,0.7764706015586853,0.7529411764705882,0.4798017740249634,0.9255292797480298,40.0,11.054399750079028,0.0,3.0
random,32,44,15.84375,0.10164237499702722,"[0.10361595801077783, 0.09969800000544637, 0.10164237499702722]",2284797952,0.6800981760025024,0.18633732199668884,0.5384615659713745,0.5857988165680473,0.9166286587715149,0.8519102990033223,0.7587815523147583,0.20109404623508453,0.5411764979362488,0.5647058823529412,0.9436542987823486,0.8450962058774559,0.6304610967636108,0.1777791827917099,0.6352941393852234,0.5882352941176471,0.9303483963012695,0.864011596042846,,,,
synthetic_random,32,44,15.84375,0.09999704197980464,"[0.09733037510886788, 0.10080933291465044, 0.09999704197980464]",2284797952,0.09857548028230667,0.02694268524646759,0.8934911489486694,0.8461538461538461,0.3762066662311554,0.9592308047249907,0.1470031887292862,0.042590558528900146,0.8823529481887817,0.8588235294117647,0.2925589084625244,0.9805920988733489,0.19584687054157257,0.051208801567554474,0.8235294222831726,0.788235294117647,0.5427016615867615,0.92412244005994,50.0,11.772438500076532,0.0,3.0
stratified,32,44,15.84375,0.10611387493554503,"[0.10611387493554503, 0.10309066693298519, 0.11607154202647507]",2284797952,0.5184457898139954,0.14925126731395721,0.6982248425483704,0.6863905325443787,0.7788957953453064,0.8961378737541528,0.5483130812644958,0.15813522040843964,0.7058823704719543,0.7058823529411765,0.7306308150291443,0.8998818889443889,0.5478897094726562,0.15596048533916473,0.6823529601097107,0.6588235294117647,0.812354326248169,0.8775451458263959,,,,
synthetic_stratified,32,44,15.84375,0.09683950000908226,"[0.09704837494064122, 0.09670412505511194, 0.09683950000908226]",2284797952,0.04646803438663483,0.012432366609573364,0.9289940595626831,0.8461538461538461,0.3584989607334137,0.963406699889258,0.11603996157646179,0.03048025816679001,0.8823529481887817,0.8823529411764706,0.2371138334274292,0.9856989711677211,0.15433114767074585,0.040521152317523956,0.8588235378265381,0.8235294117647058,0.4534316062927246,0.9486020750083249,50.0,11.193395416950807,0.0,3.0
random,128,42,3.9609375,0.13258512504398823,"[0.13258512504398823, 0.12978770805057138, 0.1334045419935137]",2284797952,0.10501964390277863,0.029464229941368103,0.8639053106307983,0.8165680473372781,0.37327349185943604,0.9489364156515319,0.11620018631219864,0.032684870064258575,0.9058823585510254,0.9058823529411765,0.2493509203195572,0.9854967081529582,0.11281567811965942,0.031263746321201324,0.8470588326454163,0.788235294117647,0.3724138140678406,0.9398153755966256,,,,
synthetic_random,128,42,3.9609375,0.140196125023067,"[0.140196125023067, 0.13471395801752806, 0.15031212498433888]",2284797952,0.005703326780349016,0.0014730918919667602,0.9704142212867737,0.863905325443787,0.280458927154541,0.9774709302325582,0.041967425495386124,0.01043546199798584,0.9529411792755127,0.9294117647058824,0.15383946895599365,0.9932133838383839,0.04157711938023567,0.010977043770253658,0.8588235378265381,0.8235294117647058,0.3548678159713745,0.9546455974580974,40.0,12.022724875016138,0.0,3.0
stratified,128,42,3.9609375,0.13922050001565367,"[0.14080045802984387, 0.13922050001565367, 0.1347433750052005]",2284797952,0.10308419167995453,0.028898730874061584,0.857988178730011,0.7988165680473372,0.38609033823013306,0.9487380029531192,0.11332973837852478,0.03148050606250763,0.9176470637321472,0.8941176470588236,0.266909122467041,0.9809077554390054,0.1286221146583557,0.03381432592868805,0.8470588326454163,0.8588235294117647,0.3614346981048584,0.9632777639027639,,,,
synthetic_stratified,128,42,3.9609375,0.14071883296128362,"[0.1395457920152694, 0.1608803749550134, 0.14071883296128362]",2284797952,0.007896319963037968,0.00206318823620677,0.9644970297813416,0.8816568047337278,0.28186559677124023,0.979125138427464,0.07385599613189697,0.018557127565145493,0.929411768913269,0.9294117647058824,0.1910373419523239,0.9884898088023089,0.054473746567964554,0.014467716217041016,0.9058823585510254,0.8235294117647058,0.32885268330574036,0.9652996656121656,50.0,11.86542683292646,0.0,3.0
random,128,43,3.9609375,0.13897491700481623,"[0.1415573749691248, 0.13897491700481623, 0.13783262495417148]",2284797952,0.14462579786777496,0.040813148021698,0.8461538553237915,0.8106508875739645,0.40514224767684937,0.9418004798818752,0.18961165845394135,0.05277823656797409,0.8588235378265381,0.8705882352941177,0.34804514050483704,0.9638065927128427,0.12805570662021637,0.03548908233642578,0.8235294222831726,0.8117647058823529,0.386025995016098,0.940791847041847,,,,
synthetic_random,128,43,3.9609375,0.1318576659541577,"[0.13543270796071738, 0.1318576659541577, 0.1314768330194056]",2284797952,0.005625877529382706,0.0014665154740214348,0.976331353187561,0.8816568047337278,0.280909925699234,0.9771456256921374,0.05274838209152222,0.013774094171822071,0.929411768913269,0.9294117647058824,0.1666303277015686,0.991573097041847,0.08268076926469803,0.018943697214126587,0.8470588326454163,0.7647058823529411,0.4219711720943451,0.9445270181207681,50.0,11.528816625010222,0.0,3.0
stratified,128,43,3.9609375,0.13110266695730388,"[0.1330158340279013, 0.13110266695730388, 0.13073879200965166]",2284797952,0.11032424867153168,0.031311601400375366,0.8402366638183594,0.7928994082840237,0.37295952439308167,0.9463639719453673,0.13039188086986542,0.03610880672931671,0.8823529481887817,0.9058823529411765,0.26722702383995056,0.9811169733044733,0.14038214087486267,0.037927158176898956,0.7411764860153198,0.7176470588235294,0.4419339895248413,0.9109364593739594,,,,
synthetic_stratified,128,43,3.9609375,0.13631479197647423,"[0.13841995899565518, 0.13631479197647423, 0.13287145795766264]",2284797952,0.0068290685303509235,0.0017749430844560266,0.9822485446929932,0.8757396449704142,0.2659735083580017,0.9766449796973052,0.05503736436367035,0.010330688208341599,0.9529411792755127,0.9294117647058824,0.1425824612379074,0.9937714195526696,0.07240961492061615,0.0167288426309824,0.8941176533699036,0.788235294117647,0.45096251368522644,0.9446841873404374,40.0,10.429969165939838,0.0,3.0
random,128,44,3.9609375,0.13242566701956093,"[0.13806308305356652, 0.13140466704498976, 0.13242566701956093]",2284797952,0.12121681123971939,0.03459779545664787,0.8639053106307983,0.834319526627219,0.382785826921463,0.9531907530454043,0.19458837807178497,0.05143493041396141,0.9176470637321472,0.8941176470588236,0.3545767366886139,0.9793745664058163,0.16084766387939453,0.04083261638879776,0.7764706015586853,0.8117647058823529,0.38780131936073303,0.9498354943667444,,,,
synthetic_random,128,44,3.9609375,0.1489150000270456,"[0.1489150000270456, 0.14783229201566428, 0.20837891707196832]",2284797952,0.007332182489335537,0.00182788644451648,0.976331353187561,0.8698224852071006,0.2807939648628235,0.97562523071244,0.04540920630097389,0.011186028830707073,0.9529411792755127,0.9294117647058824,0.14081621170043945,0.9957780934343434,0.058032337576150894,0.014766335487365723,0.8470588326454163,0.788235294117647,0.42281582951545715,0.9396406371406372,50.0,11.249882749980316,0.0,3.0
stratified,128,44,3.9609375,0.1967113339342177,"[0.1374657079577446, 0.1967113339342177, 0.2085714590502903]",2284797952,0.13643108308315277,0.03750181570649147,0.8520709872245789,0.7928994082840237,0.4217563569545746,0.941202934662237,0.20415154099464417,0.053653717041015625,0.8588235378265381,0.8588235294117647,0.38141703605651855,0.9593860826673326,0.22203566133975983,0.048875242471694946,0.7764706015586853,0.8117647058823529,0.41513991355895996,0.9553061174936175,,,,
synthetic_stratified,128,44,3.9609375,0.13508054101839662,"[0.13528395793400705, 0.133800792042166, 0.13508054101839662]",2284797952,0.0072176153771579266,0.0017733554122969508,0.9704142212867737,0.8757396449704142,0.28396669030189514,0.9755283314876337,0.0629737377166748,0.014969618991017342,0.9647058844566345,0.9411764705882353,0.1417342871427536,0.9954117063492064,0.044662270694971085,0.011722637340426445,0.9058823585510254,0.8235294117647058,0.3290586471557617,0.9633042651792652,50.0,11.57203625002876,0.0,3.0
