word_freq_make,word_freq_address,word_freq_all,word_freq_3d,word_freq_our,word_freq_over,word_freq_remove,word_freq_internet,word_freq_order,word_freq_mail,word_freq_receive,word_freq_will,word_freq_people,word_freq_report,word_freq_addresses,word_freq_free,word_freq_business,word_freq_email,word_freq_you,word_freq_credit,word_freq_your,word_freq_font,word_freq_000,word_freq_money,word_freq_hp,word_freq_hpl,word_freq_george,word_freq_650,word_freq_lab,word_freq_labs,word_freq_telnet,word_freq_857,word_freq_data,word_freq_415,word_freq_85,word_freq_technology,word_freq_1999,word_freq_parts,word_freq_pm,word_freq_direct,word_freq_cs,word_freq_meeting,word_freq_original,word_freq_project,word_freq_re,word_freq_edu,word_freq_table,word_freq_conference,char_freq_semicolon,char_freq_parenthesis_left,char_freq_bracket_left,char_freq_exclamation,char_freq_dollar,char_freq_hash,capital_run_length_average,capital_run_length_longest,capital_run_length_total,is_spam
-0.3528145,-0.25417313,-0.6377838,-0.04367101,-0.44613993,-0.42756724,0.46834627,-0.18882918,-0.3766298,-0.4830522,-0.3374769,0.79778945,-0.44637054,-0.11037152,-0.284277,-0.33046097,-0.25079134,0.1419844,0.14145753,-0.11666823,-0.4770157,-0.1113632,0.55367917,-0.14013202,-0.3781592,-0.39046812,-0.18249083,-0.16938128,-0.21755993,-0.12848996,-0.3138542,-0.0687362,-0.13003357,-0.21572384,-0.2555247,0.6279374,-0.41116887,-0.108239345,-0.13451844,-0.18470567,-0.07528517,-0.22024345,-0.13081715,-0.094041556,-0.26107106,-0.12696868,-0.069014125,-0.10736438,-0.063667916,-0.2926989,-0.20569395,-0.16779523,0.4338943,0.72982514,0.0070025325,0.1559283,0.06198254,1.0
-0.3352791,-0.121538565,-0.50946647,-0.04367101,-0.54305303,-0.37665072,-0.2957582,-0.24314594,-0.33834323,-0.4336066,-0.22540571,-0.58771443,-0.32786483,-0.18106902,-0.11140373,-0.20270215,-0.35281116,-0.52862096,-0.9141544,-0.20450784,-0.707599,-0.062073063,-0.30175388,-0.25821814,-0.22548182,-0.23962606,-0.23926096,-0.30984625,-0.29779902,-0.30638883,-0.11978492,-0.065631874,-0.16114923,-0.20101403,-0.14093779,-0.21358791,2.8535442,-0.111030035,-0.10539271,-0.26089373,-0.18009692,-0.23313212,-0.18216775,-0.09198951,-0.2842724,0.5674763,-0.081360616,2.5867605,-0.09557461,-0.031627975,-0.089896545,-0.3849024,-0.18792751,-0.008872417,0.036674883,-0.008440632,-0.23754548,0.0
-0.44108677,-0.073467866,-0.534853,-0.04367101,-0.3260265,0.6160275,-0.23791468,-0.25980294,-0.37542263,-0.14495455,-0.263497,0.70909864,0.110337175,0.23553605,-0.15023689,-0.2551689,0.74571204,-0.3575376,-1.0387026,-0.17264,-0.716076,-0.16275576,-0.26093134,-0.17982069,1.8156737,0.31396854,-0.14677674,-0.35349038,0.18191552,0.921784,-0.10501975,-0.09301041,-0.16197227,-0.08229308,-0.15815684,0.64001,-0.059567906,0.014468467,-0.16886729,-0.16756856,-0.025827965,-0.21219087,-0.30956498,0.008752492,-0.27916828,-0.14307639,-0.012047519,-0.19599752,0.38768008,-0.12472241,-0.07727459,-0.3938254,-0.32186368,-0.10628572,0.0035815267,-0.2094401,0.19265166,0.0
-0.44806913,-0.16531733,3.3484862,-0.04367101,1.0998529,-0.4383237,-0.3712983,-0.25553218,-0.25395486,-0.3665536,-0.32437533,1.7470042,-0.30538905,-0.2476529,-0.2231383,-0.2127108,-0.33603603,-0.35341275,1.9731623,-0.104069605,0.14264521,-0.16787101,-0.27666384,-0.18051504,-0.25111187,-0.33660918,-0.29032567,-0.27088585,-0.19902278,-0.20461193,-0.07909264,-0.0871038,-0.26721936,-0.18765602,-0.2712559,-0.30046415,-0.3439953,0.00781269,2.6298685,-0.1599958,-0.13577081,2.2593873,-0.275109,-0.0834604,-0.33656794,-0.23042889,-0.14809369,-0.17215921,-0.12491743,-0.3996679,-0.08744366,-0.27979055,-0.20690018,-0.13812345,-0.1673725,-0.22974418,-0.47027007,0.0
-0.32185847,-0.08863302,3.4291317,-0.04367101,2.682754,-0.27280635,-0.32223386,-0.37416783,-0.27516094,-0.44478568,-0.3624234,-0.67050797,-0.22736031,-0.12983035,-0.11365185,-0.35588655,-0.33229682,-0.3758075,0.28671992,-0.21551207,-0.5801777,-0.2177469,-0.26221338,-0.286683,-0.36947754,-0.26433474,-0.17999674,-0.29585344,-0.10442187,-0.31085384,-0.0859843,-0.10711592,-0.087750345,-0.082171366,-0.07283079,-0.30799207,-0.22398883,-0.26554063,-0.13419287,-0.217346,-0.1461015,4.9127293,-0.21349971,-0.18238631,-0.4197539,-0.2239046,-0.10112705,-0.0645996,-0.07382219,1.8960587,-0.04902867,-0.41713715,-0.20981558,-0.09369946,-0.04653111,-0.25708058,-0.5494517,0.0
0.19949369,-0.09537245,0.13375516,-0.04367101,1.264416,0.23920478,0.288025,2.4160628,2.703017,0.6068243,0.10625896,0.5362814,0.3253308,2.1779342,0.19258296,-0.18763067,-0.29221836,1.7620828,1.1186966,1.0846174,0.7641493,-0.052692235,0.069251366,0.4064299,-0.27336514,-0.32584897,-0.28447318,-0.24550042,-0.1940112,-0.27177313,-0.17259464,-0.1523753,-0.22285745,-0.094692826,-0.2776571,-0.22191146,-0.42372483,-0.10867238,0.030476473,0.08952328,0.0028596134,-0.22333807,-0.11837333,-0.100016855,-0.37262976,-0.09903644,-0.06515277,-0.06114982,-0.08408906,-0.43700704,1.2081027,0.1631204,0.4771564,0.034343746,-0.020096133,0.07095773,1.3317598,1.0
-0.28451124,-0.09845705,-0.58707356,-0.04367101,-0.41471377,-0.42801678,-0.21442752,-0.3672802,-0.2749665,-0.33381084,-0.4321909,0.86926985,-0.3471355,-0.17792346,-0.15670685,-0.2675345,1.1433352,-0.3711816,-0.11706632,-0.09364219,0.5090857,-0.14014342,-0.31166866,-0.32486248,-0.25489756,-0.2733086,-0.03468006,-0.19853042,-0.11591187,-0.1979998,1.4880874,-0.10490179,-0.24196476,-0.20052359,-0.17873044,-0.19409278,-0.4231962,-0.0998329,-0.14163391,5.438343,-0.2331584,-0.18578002,-0.12158285,-0.13016152,-0.25942987,-0.23505038,-0.11007577,-0.01270534,-0.1411749,0.5271848,0.44477093,-0.38510442,-0.3151263,-0.14766413,0.3744546,0.71817374,0.2629074,0.0
-0.36389613,3.4442322,-0.48949757,-0.04367101,-0.46824712,-0.36093125,-0.37959135,-0.3310877,-0.28202906,1.687915,-0.22530292,-0.5588491,-0.32980928,-0.15419236,-0.15742569,-0.22740223,-0.4668558,4.043551,-1.0543784,-0.0941194,-0.75745547,-0.04435673,-0.34693408,-0.14588319,-0.37776968,-0.40767276,-0.27560803,-0.1555464,-0.23766336,-0.26680946,-0.09057743,-0.08122753,-0.14954776,-0.0873398,-0.2839142,-0.2112001,-0.40614069,-0.13031387,-0.19763269,-0.12818801,-0.079529636,-0.13908614,-0.11685741,-0.095438845,-0.258522,-0.16489875,0.042422727,-0.17288074,-0.09500884,-0.4731952,-0.18129967,-0.2904067,-0.33776623,-0.17716424,0.061566547,-0.08206797,-0.17429449,1.0
-0.42525277,-0.17178658,-0.121791214,-0.04367101,-0.4234299,-0.34285805,-0.25354356,0.25896838,-0.3026544,0.038293958,-0.3127039,-0.63363147,-0.2814996,-0.15559494,-0.17618552,-0.23887576,-0.33395764,0.014718547,-0.82809067,-0.16610867,-0.716672,-0.15917486,-0.34894615,-0.17252794,-0.27973756,-0.15081075,-0.22853377,0.5230523,-0.18227802,-0.15121412,-0.10133202,-0.10585532,0.17199546,-0.07699362,0.17182292,-0.31263185,0.07858618,0.04110016,-0.20865922,-0.15338409,-0.11925483,-0.2242932,-0.31410232,-0.117387064,-0.29571488,-0.24692827,-0.14457844,-0.02064802,-0.2618932,0.10688155,-0.19234148,-0.21009858,-0.18671127,-0.12540962,-0.09841677,-0.11284919,-0.12544146,0.0
-0.34264472,0.26758355,0.55117106,-0.04367101,2.9425652,-0.40323693,0.9714753,-0.36573383,-0.32641387,-0.44404548,-0.17276818,0.040795743,1.5196698,-0.31160513,-0.24310105,0.4288279,5.607164,-0.27401906,1.1282241,-0.27662897,0.61536914,-0.055746593,-0.36633134,-0.24448778,-0.38194674,-0.24354927,-0.27164623,-0.077508025,-0.22338583,-0.18420807,-0.23710641,-0.2213024,-0.19422734,-0.24660711,-0.18083711,-0.26833034,-0.3010677,-0.03506824,-0.13555275,-0.2871274,-0.04367094,-0.26550722,-0.17518832,-0.08970803,-0.21791427,-0.12186962,-0.122482084,-0.093393415,-0.13038547,0.348414,-0.21993299,0.8978627,0.84130013,-0.16329288,-0.025469733,0.40898573,-0.05460518,1.0
-0.32360747,-0.22150578,-0.6018618,-0.04367101,-0.53315127,-0.4089539,-0.28667334,-0.16743365,-0.28280458,-0.49010804,-0.2473898,-0.735294,-0.38934597,-0.17292371,-0.2166014,-0.3318482,-0.39901388,-0.36278424,0.22203371,-0.16130523,0.8432322,-0.16968146,-0.13921417,-0.28616515,-0.3072116,-0.30089453,-0.18638518,-0.26280347,-0.13210659,-0.25390664,-0.1530547,-0.13648415,-0.1872033,-0.07593044,-0.18202834,-0.29136539,4.150208,-0.122250766,-0.13487715,-0.2924202,-0.20661837,-0.15306453,-0.15612566,-0.09749779,-0.3065665,6.3474684,-0.0735442,-0.09060113,-0.19456448,0.6480183,-0.16023591,-0.22418746,-0.19741546,-0.1487019,-0.057083372,-0.21359287,-0.40494874,0.0
-0.40183485,-0.15673187,-0.53628564,-0.04367101,-0.444654,-0.43353724,-0.22165315,-0.44564292,-0.37656248,-0.44822532,-0.35084125,-0.6499774,-0.20016731,-0.2362608,-0.125754,-0.34504488,-0.23757166,-0.25239736,0.29846373,-0.115316294,-0.69324833,-0.054900832,-0.3293486,-0.22161782,-0.2735055,-0.3196174,-0.25427076,-0.16735679,-0.1106833,-0.24862191,-0.07704636,-0.1570537,3.4385846,-0.19853014,3.0264864,-0.3512989,-0.28895772,-0.10238787,-0.26820368,-0.14175417,-0.018027188,-0.06988576,-0.31177002,-0.111650735,-0.30095166,-0.08822782,-0.01926801,-0.049325194,-0.062943175,-0.5316881,-0.11383335,0.03163555,-0.3329384,-0.08906494,-0.1273648,-0.11356717,-0.4827102,0.0
-0.3681389,-0.22389217,-0.46976802,-0.04367101,-0.56606275,-0.267867,-0.35249674,-0.35521495,-0.40696877,-0.5089319,-0.355267,-0.6677672,-0.3640744,-0.23760636,-0.19697101,-0.25286174,-0.32811034,-0.3353354,-0.96806103,-0.098100275,-0.57907724,-0.0798179,-0.2548224,-0.23278745,-0.39012823,-0.16224095,7.4063168,-0.29673615,-0.16920978,-0.07929139,-0.19306558,-0.15217052,-0.036458593,-0.18813495,-0.14701663,-0.14797431,-0.33586776,-0.087757915,-0.17569622,-0.14708473,-0.050218415,-0.20461302,-0.22269279,-0.17813946,-0.2361563,-0.20274922,-0.0068527535,-0.17606372,-0.08943346,-0.5297014,-0.113879,-0.36490852,-0.23830928,-0.16339438,-0.041597113,-0.18950745,-0.4466461,0.0
-0.38021722,-0.10329941,-0.10665779,-0.04367101,-0.09196587,-0.41136274,-0.23422816,-0.3476385,-0.2502659,-0.3081894,-0.42791006,1.5711303,-0.37143984,-0.14041236,-0.088988476,-0.26894403,-0.15022878,-0.3088076,-0.86954385,-0.10843299,-0.71223146,-0.0695964,-0.25926256,-0.36048776,-0.19000742,-0.32648316,-0.2113082,-0.21928212,-0.31481287,-0.31801236,-0.2123261,-0.069774106,-0.23262517,-0.19105199,0.21458898,-0.28508395,0.9083459,-0.113224156,-0.2213261,-0.24187444,-0.19827498,-0.29786807,-0.22268884,-0.12766616,-0.25477675,-0.11459925,-0.09843714,-0.08141188,-0.23162754,0.08179213,-0.100881316,-0.42241278,-0.3018883,-0.16109183,-0.057210125,-0.22205707,-0.20311008,0.0
1.0433974,-0.25553086,-0.5517561,-0.04367101,-0.44479626,-0.37407422,-0.34126312,-0.22160073,-0.27019846,-0.40299994,-0.39195287,0.88680273,-0.48244074,-0.08728278,-0.20393665,-0.24406779,-0.39628506,0.37263694,-0.17342056,-0.10912557,0.31651717,-0.03849824,-0.3633873,-0.14720802,-0.36085314,-0.2618048,-0.33937636,-0.06309606,-0.112885125,-0.30234984,-0.28137153,-0.08134015,-0.22936222,-0.21755025,-0.23192006,1.7058591,-0.388022,-0.10399534,-0.15057455,-0.12384785,-0.2824942,-0.10903369,-0.200788,-0.07796717,-0.2845472,-0.09732146,0.014491737,-0.13660228,-0.12317915,-0.19225878,-0.17799845,-0.08190884,-0.19899808,-0.080102645,-0.024140524,-0.12753186,-0.44625577,1.0
-0.34030566,-0.19034813,-0.56064975,-0.04367101,0.7181901,-0.44745135,-0.23439306,-0.18619917,-0.28392798,-0.490224,-0.35297042,-0.6676969,-0.3542947,-0.1477107,-0.13696209,-0.28334635,-0.26687786,-0.39381102,-0.5845155,-0.15403615,0.7211187,-0.16244693,-0.3199248,-0.2132997,-0.20068328,-0.24650455,-0.23380569,-0.1705983,-0.17000036,-0.16850282,-0.012549331,-0.16547152,-0.13990116,-0.08431365,-0.20062877,-0.31700015,-0.3679304,-0.033702157,-0.2996089,-0.2432586,-0.06850972,-0.13300425,-0.15822126,-0.17447267,-0.3362433,-0.13625738,-0.14118439,-0.17537934,-0.076610215,-0.4994972,-0.10857942,-0.22491968,-0.18827663,-0.062424354,-0.04037753,-0.08618412,-0.27412823,1.0
-0.33659768,-0.18545166,-0.5501662,-0.04367101,-0.55169237,-0.2927631,-0.31150302,-0.30148137,-0.35014784,-0.4837228,-0.2661442,-0.5581514,-0.30890548,-0.1432199,-0.26319835,-0.3277881,-0.35209373,-0.42767757,-0.79042065,-0.11608016,-0.8675212,-0.16593032,-0.3470074,-0.24448438,-0.34731168,-0.24242005,-0.21985343,-0.2700103,-0.19442438,-0.1355004,-0.12623365,-0.11734873,-0.14132677,-0.1230037,-0.019483177,-0.23967135,-0.3157013,-0.05760506,-0.18513305,-0.20700276,-0.060649704,-0.21055467,-0.24986738,-0.18864137,-0.29874077,-0.14718407,-0.14186552,-0.1684171,-0.09658622,0.7080107,-0.14729054,-0.31331688,-0.33946759,-0.07002014,-0.08294074,-0.12938988,-0.46290365,0.0
1.9216125,0.03715793,0.27414104,-0.04367101,-0.15082566,0.11535702,-0.24928941,0.4192689,2.2103426,0.16829553,0.80504054,1.0011251,0.6933757,0.7222225,-0.2507127,0.23076251,0.74534714,-0.18473987,0.6529857,1.11662,0.35579726,-0.054079436,1.0899379,1.3799734,-0.39883777,-0.2523461,-0.20567024,-0.106858015,-0.1846161,-0.27228093,-0.0892775,-0.10375503,-0.16187489,-0.25816435,-0.1690786,-0.25013694,-0.17180344,0.016271098,-0.2502774,0.09299072,0.024970157,-0.28324693,-0.01768722,-0.10547663,-0.2811614,-0.20189321,-0.15396835,-0.10098605,-0.16587675,-0.19401832,0.24756171,0.27372062,0.58571035,0.13039276,0.056507282,-0.08076978,1.5462108,1.0
0.82563573,0.41722384,1.7371738,-0.04367101,0.16775574,-0.3046479,-0.3078665,0.907859,0.95352846,2.9590576,1.3584108,2.4278483,-0.33540863,0.84494394,-0.24909942,0.15594341,-0.2874661,-0.34041232,0.2558134,-0.1544873,2.9582007,-0.064514436,0.8236039,-0.36267382,-0.37585098,-0.3616859,-0.25967163,-0.18086049,-0.21526498,-0.17685531,-0.22336958,-0.20712678,-0.2191085,-0.1250967,-0.14365727,-0.25460967,-0.2986706,0.0025821917,-0.21477842,-0.15475726,-0.15497763,-0.26393983,-0.14000365,-0.063599385,-0.35178187,-0.09237926,-0.035454195,-0.09037562,-0.17879468,0.06265595,-0.20295317,0.99061507,0.52536047,0.07995596,1.3921963,3.5566618,1.517599,1.0
2.0798702,0.10673779,1.1313039,-0.04367101,-0.43050584,1.8799868,-0.23140934,1.3674442,3.6298168,1.919247,-0.2183497,-0.17193949,0.805068,-0.16262376,4.534459,-0.13046873,0.0027902946,3.0298355,0.21761937,1.791984,0.34086615,-0.0652906,3.7675679,1.496745,-0.36771733,-0.34292373,-0.24943058,-0.31014732,-0.13242283,-0.17048873,-0.13030933,-0.23577556,-0.18014845,-0.24958837,0.053202853,-0.32137752,-0.3133268,0.007989823,-0.22726241,-0.095014006,-0.06755152,-0.21874975,-0.16178045,-0.17333513,-0.28061938,-0.18046342,-0.055942632,-0.14177483,-0.03904961,-0.41199878,-0.23725623,0.20273654,0.3679024,0.024341961,0.33128884,2.1164544,1.2536505,1.0
-0.27467024,-0.18044345,-0.63976854,-0.04367101,-0.5590006,1.2745063,-0.33048698,-0.30338964,-0.24274096,-0.27864122,-0.23738371,-0.063336,1.094436,-0.19187427,-0.11396839,-0.36240563,-0.3010553,-0.32840496,-0.2564693,-0.11523677,-0.7582331,-0.20886607,-0.32140747,-0.18840773,-0.19335745,-0.3343818,-0.05588177,-0.18762164,-0.07770313,-0.2698615,-0.15270565,-0.20449801,-0.20470652,-0.07813876,-0.21978791,-0.17690475,-0.22419676,-0.09012827,-0.12591305,-0.20078012,-0.023193851,-0.06616406,-0.14312777,-0.17406985,0.12873882,0.30514923,0.018508993,-0.1684866,-0.19583659,-0.041364443,-0.13575895,-0.25290352,-0.37137583,-0.1280995,-0.20139116,-0.15993972,-0.44608492,0.0
-0.20927174,-0.12111356,-0.6072823,-0.04367101,-0.46239516,-0.38448384,-0.21796037,-0.24603622,-0.38732854,-0.4067164,-0.3876205,1.4444516,-0.34539956,-0.2060536,-0.23701361,-0.34862396,-0.33368447,2.613918,-0.9410728,-0.1496481,0.7255525,-0.1538007,-0.23568365,-0.2608191,-0.22828496,-0.22131023,-0.16506396,-0.15074079,-0.22231092,-0.12468887,-0.08747025,-0.20854858,-0.12778093,-0.14057761,-0.11016631,-0.21379848,-0.39388943,-0.0026355798,-0.2348571,-0.18660188,-0.12515053,-0.13589314,-0.21322465,-0.15504096,1.4681026,-0.24212945,-0.013705349,-0.12204694,-0.17337699,-0.43312755,0.016074229,-0.038877096,-0.21246508,-0.10052835,-0.12660979,-0.259417,-0.4974431,0.0
-0.2860986,-0.2252969,-0.5205875,-0.04367101,-0.55863845,-0.35219777,-0.2535101,-0.01128255,-0.26144823,0.15534109,-0.36519957,-0.6817586,-0.32060078,-0.19180158,-0.17470735,-0.23464489,0.025698556,0.43997133,-0.8651717,0.09860094,-0.55806845,-0.15881014,-0.26445517,-0.29685017,-0.3376644,-0.39959162,-0.28383917,-0.37177047,-0.13167965,-0.19866708,-0.17895536,-0.17645264,-0.17742112,-0.113566115,-0.2481502,-0.2461452,-0.28851447,-0.13158421,-0.1553492,-0.20924474,-0.13507457,-0.09996081,-0.13884975,-0.09990663,-0.35818246,-0.22535232,-0.104080506,-0.2301952,-0.20190415,-0.45295855,-0.097885214,-0.18287078,-0.120862134,-0.021491151,-0.0376864,1.7951492,5.9455304,1.0
-0.3477808,-0.22194171,-0.5687457,-0.04367101,-0.46337092,-0.38663098,-0.35550782,0.86648697,-0.30208194,-0.35755748,-0.24890123,0.8894177,1.1098156,-0.16334985,-0.18059841,-0.2980914,0.5851849,-0.45018017,-0.7520822,-0.18968596,-0.6263498,-0.1793219,-0.4114567,-0.28534144,1.141025,-0.35366353,-0.16855898,-0.33364183,0.0027790463,-0.3873168,-0.10113091,-0.1957786,0.034562603,-0.06189867,-0.15360346,0.44544154,0.28388283,0.7792694,-0.18221112,-0.23535112,-0.16524582,-0.16963996,-0.11713461,-0.116153166,-0.2664064,-0.09652769,-0.13805789,0.36271784,0.18089671,0.30918127,-0.14604159,-0.38108084,-0.06790833,-0.11314862,-0.1265553,-0.05262016,0.28688103,0.0
-0.46735024,-0.19007365,-0.50812614,-0.04367101,-0.6559241,-0.305955,-0.28402668,-0.40017778,-0.3743812,-0.39150628,-0.22643809,0.6008745,-0.25609374,-0.06834124,-0.20848008,-0.37018842,-0.4337429,-0.4570736,-0.9049982,-0.11138007,-0.712329,-0.17159307,-0.37737778,-0.15314543,-0.2706624,-0.21733977,-0.30067784,-0.23980878,-0.17444289,-0.13227378,-0.16505432,-0.108461745,1.700156,-0.20601048,-0.18377545,-0.33097777,-0.37086543,-0.07826519,-0.3293372,-0.27093813,-0.040916592,-0.31338927,-0.22802505,-0.093085304,-0.19776003,-0.25817227,0.039018974,-0.17574164,-0.17512746,0.31465578,-0.03232396,-0.054405846,-0.3540741,0.57951057,-0.030310638,-0.24713865,-0.51862454,0.0
-0.29791874,-0.1896635,-0.16085081,-0.04367101,0.61310035,-0.46052584,0.53221023,-0.24315502,3.3885975,-0.46950606,-0.32371783,-0.6068978,1.1631134,-0.19497973,-0.25384724,-0.027656363,0.039879162,2.1155174,0.37976268,-0.15797874,0.25245842,-0.068028525,1.5658416,-0.31761682,-0.32999998,-0.4276207,-0.1960677,-0.32547757,-0.218983,-0.15262717,-0.25123143,-0.21795638,-0.30253613,-0.21483739,-0.16876313,-0.09987544,-0.42397854,-0.1949955,-0.24111181,-0.26199886,-0.14558652,-0.19726746,-0.22821955,-0.35004762,-0.27557328,-0.21667467,-0.04492712,-0.081329845,-0.11550029,0.27888697,-0.08728799,0.21249612,14.209245,-0.14217253,0.013719077,-0.18255663,-0.0055384524,1.0
-0.28933012,-0.19240437,-0.45936546,-0.04367101,-0.5233977,-0.40444264,2.1244001,-0.16443214,-0.21520926,-0.49389765,-0.30985507,0.4262612,-0.326476,-0.19254056,-0.2489368,-0.2258887,-0.35549957,-0.31128988,1.9115871,-0.22993879,0.9839542,-0.08699438,-0.3460534,-0.134115,-0.38983428,-0.32826945,-0.29214534,-0.18843459,-0.2404239,-0.25118938,-0.20791216,-0.16723172,-0.26585123,-0.058319844,-0.32571316,-0.1899511,-0.37137496,-0.123152636,-0.15820627,-0.11940708,-0.17032011,-0.24589132,-0.32225832,-0.113706425,-0.36539394,-0.091759056,-0.035443064,-0.17572893,-0.10642967,-0.4637516,-0.13832459,-0.15185842,-0.16004385,-0.16629909,-0.06128118,0.080476135,-0.33063734,1.0
-0.30256635,0.17490865,0.4770323,-0.04367101,1.8027081,-0.34968206,0.79076934,-0.23157705,-0.27316463,0.42145935,1.8109013,0.3489325,-0.40050873,-0.252803,-0.2089769,1.003816,-0.32388875,-0.31723735,0.25803718,-0.18156123,0.15818982,-0.05275057,-0.25085333,-0.17103167,-0.41928005,-0.3686105,-0.21668486,-0.27520868,-0.2540132,-0.20188703,-0.2221261,-0.108648956,-0.23384267,-0.1440964,-0.13961601,-0.1395,-0.3861592,-0.13797823,-0.19225901,-0.13583703,-0.07082241,-0.18700372,-0.2690357,-0.15009798,-0.24232104,-0.12651466,-0.0059811734,-0.108495675,-0.27779335,-0.5215181,-0.12606905,-0.09683173,-0.43786025,-0.11845663,-0.042885844,-0.20738839,-0.32975912,1.0
-0.33752736,-0.1140601,-0.6513024,-0.04367101,-0.48863113,-0.33126697,-0.34607968,-0.19039226,-0.32466418,-0.39835778,-0.27560857,-0.6519674,-0.3732971,-0.15363996,-0.20244747,-0.32029542,-0.3356749,-0.37832552,-0.965582,-0.11925853,-0.7119152,-0.16162881,-0.22845672,-0.26215893,-0.38862526,-0.33856115,5.8523483,-0.27940273,-0.10235274,-0.12193863,-0.16641892,-0.09562602,-0.18876576,-0.06699372,-0.18601026,-0.12915175,-0.32302287,-0.09331293,-0.14123921,-0.22145723,-0.14135668,-0.16493173,-0.1671637,-0.26939094,-0.4834858,-0.19931726,-0.0053298953,-0.1517735,-0.21184103,-0.5285656,-0.06558781,-0.35000348,-0.32581905,-0.17291142,-0.060941026,-0.32177386,-0.45889652,0.0
-0.37923962,-0.1664562,-0.5264702,-0.04367101,-0.46525922,-0.28631252,-0.3136665,-0.3567485,-0.30830353,-0.47508833,-0.32197466,-0.47182366,-0.24398418,-0.18762386,-0.23450996,4.569359,-0.40784413,-0.39546135,-0.85674345,-0.30241555,-0.71089196,-0.06657143,-0.3109207,-0.2700926,-0.26529875,-0.27878276,-0.16933416,-0.35675335,-0.15803146,-0.3126709,-0.045428228,-0.10869154,-0.113922454,-0.17285126,-0.14676172,-0.23204784,-0.3526952,39.571552,-0.24528341,-0.21683337,-0.15920854,-0.13911092,-0.23740956,-0.1599661,-0.22114125,-0.27102682,-0.02152641,-0.05161805,-0.21831237,-0.53256387,-0.07863369,-0.29772943,-0.34780234,-0.19837639,-0.0341287,-0.2176152,-0.51771414,0.0
-0.37271407,-0.19756046,-0.09246686,-0.04367101,-0.12246,0.36976632,-0.31172308,-0.3086801,-0.37598866,-0.07106276,-0.34558234,-0.23529539,-0.25712094,-0.13457127,-0.1929692,-0.26469332,-0.38793644,0.42846152,-0.012735635,-0.23370022,0.10560343,-0.06323234,-0.34994563,-0.19087085,1.1622809,1.164441,-0.041494325,0.528333,0.06464813,2.2747517,0.2281028,0.49319974,-0.076178774,0.3726063,0.679007,0.4819225,0.5960979,-0.027351107,-0.26794815,0.230447,1.2489806,-0.18546812,1.7158684,-0.18618366,0.00597807,-0.200315,-0.10915873,0.5238705,0.02642211,0.8890633,0.2814079,-0.2992843,-0.29640374,-0.14568736,-0.117528185,0.04280987,0.26654962,0.0
-0.38298714,-0.10697628,-0.496075,-0.04367101,-0.44011876,-0.2996058,-0.25234702,-0.27115682,-0.4000288,-0.3757428,-0.32024446,-0.7248269,-0.3261829,-0.16003975,-0.1655713,-0.27102792,-0.26024446,-0.34892926,-0.97113776,-0.11460364,-0.6315576,-0.18666115,-0.3173322,-0.2239929,0.962104,0.9693301,0.02929206,2.018848,1.6590904,2.2117684,2.574611,3.3257158,2.0259922,3.1954844,1.7383374,2.603298,-0.40752193,-0.0772488,-0.23946448,3.059473,0.0041790158,-0.13566507,-0.1407416,2.0019023,-0.43262812,-0.30153644,-0.1361096,-0.05161022,-0.18922381,1.0498012,-0.11567437,-0.24871278,-0.32761115,-0.18430422,-0.0859607,-0.2341922,-0.49009934,0.0
-0.22007385,-0.16231503,-0.15525554,-0.04367101,-0.15968563,-0.39136443,-0.27830118,-0.21311735,-0.3908431,-0.45259717,0.78940403,0.5247044,-0.26876786,0.4554214,0.9128002,0.7871511,-0.19470167,0.10294368,-0.34123063,-0.15818916,-0.6588943,-0.0691774,-0.33715564,-0.32863575,-0.34380397,-0.37122428,-0.2791627,-0.11931158,-0.17901133,-0.13837309,-0.12630443,-0.20385508,-0.25326243,-0.08385566,-0.24708153,-0.23124158,-0.31829023,-0.10996961,-0.14534864,-0.11951912,-0.077153556,-0.09422932,-0.15726912,-0.18247111,-0.20756401,-0.25677016,0.0049710847,-0.07989196,-0.09616728,0.57276523,-0.19362342,0.13478184,-0.19762994,-0.10299179,-0.1351199,-0.16818598,-0.20524932,1.0
1.7658349,-0.20719524,-0.49555507,-0.04367101,-0.3915993,-0.3607437,-0.29441226,-0.30967462,-0.23497549,-0.29180247,-0.24450535,-0.5226427,-0.31735602,-0.17164634,-0.191246,-0.36312443,-0.25855199,-0.41086197,-0.015838515,-0.32765236,-0.11420325,-0.10357377,-0.33427158,-0.24427786,-0.19946216,-0.11138872,-0.24467759,-0.32153472,-0.124007925,-0.14631453,-0.11443025,-0.10918942,-0.24618328,-0.067097746,-0.20133218,-0.19491456,-0.36049673,-0.12544797,-0.25833142,-0.24771269,-0.19519204,-0.2140733,-0.1483196,-0.09074706,-0.34513494,-0.18580061,-0.06258713,-0.053863257,-0.077485,-0.38702485,-0.06745157,-0.2800545,-0.21047056,-0.07152313,-0.03149252,-0.07755659,-0.3284892,0.0
-0.312474,-0.118931554,-0.40284643,-0.04367101,-0.4096911,-0.41643733,-0.20905906,-0.36796996,-0.37158662,1.3138694,-0.3549188,-0.74421066,-0.41721725,-0.23846895,-0.127377,-0.34762537,-0.31178886,-0.32467896,0.19568591,-0.08535034,-0.60706115,-0.2163652,-0.3382085,-0.17662306,-0.2924309,-0.3181036,-0.1248648,-0.2247735,-0.13418196,-0.27748945,-0.10252551,-0.11882582,-0.16486481,-0.21449836,-0.16413741,-0.30158812,2.0675445,-0.121759854,-0.29643154,-0.078791834,-0.16050924,-0.116638556,-0.12378444,-0.09342334,-0.30424497,5.4986777,-0.050034463,-0.10919765,-0.1128267,-0.5495784,-0.22208947,-0.3067119,-0.29519987,-0.12849574,-0.09729062,-0.111454315,-0.32331327,0.0
-0.34806067,-0.23315716,-0.5770794,-0.04367101,-0.46332607,-0.38241336,-0.29698944,-0.22874051,-0.3277692,-0.46020046,-0.23545277,-0.57826203,-0.29532292,-0.22193329,-0.24371007,-0.23025416,-0.34219927,-0.37952176,-0.9486729,-0.19057147,-0.58173203,-0.1335038,-0.35759667,-0.24787745,5.1748266,4.6622744,1.197508,7.5957985,7.2152624,10.008813,10.4551735,13.192688,-0.15597598,13.259589,7.389392,10.648288,-0.2501519,-0.12784319,-0.21704887,12.712153,-0.032596476,-0.2262922,-0.27213886,-0.13290086,-0.28221563,-0.0794093,-0.0043065147,-0.12851688,-0.109006025,3.8147833,-0.1109494,-0.30215204,-0.36009735,-0.16308615,0.05717608,-0.15379497,-0.449353,0.0
-0.42002633,-0.26706314,3.9006724,-0.04367101,-0.52688885,-0.36287487,-0.3408553,-0.31388673,-0.30362037,-0.40127409,-0.2455523,-0.73806554,-0.24914844,-0.22490974,-0.134982,-0.36499304,-0.3950127,-0.35937136,-0.7729501,-0.21911645,-0.64005405,-0.15629084,-0.2846114,-0.22501235,0.85265,1.2492161,-0.13737226,1.0277054,-0.358869,-0.24885193,-0.07401246,-0.18942782,-0.15275542,-0.07460155,1.1237012,-0.20610122,-0.2830873,0.019037986,-0.13995495,-0.25768414,-0.05161606,-0.17997825,-0.30536938,-0.20058557,0.3822228,-0.13727935,-0.1521049,-0.22916254,-0.11606945,0.69635,-0.18605113,-0.18906912,-0.24113074,-0.022369877,-0.08044884,-0.079797514,-0.4798708,0.0
-0.42671913,-0.183338,0.5405263,-0.04367101,1.2044477,-0.26294962,0.15912038,-0.23271546,-0.3831533,-0.29579902,-0.25461867,-0.36735994,2.6451254,-0.17100438,0.513579,-0.33838645,0.5366551,0.24775493,0.83692336,-0.20158039,0.05960793,-0.08739247,-0.26805693,-0.17030214,-0.4134079,-0.3522791,-0.2126282,-0.18217473,-0.14658149,-0.15923913,-0.19115251,-0.055852138,-0.22325952,-0.06893944,-0.29490083,-0.15462464,-0.2830593,-0.0048215254,-0.21542352,-0.07577588,-0.039061002,-0.20367724,-0.14180584,-0.108552404,-0.3560549,-0.106728256,-0.08312366,-0.1664997,-0.2310702,0.17963466,-0.122371435,0.13577028,-0.25730413,-0.16189398,-0.08637449,-0.2859983,-0.31994984,1.0
-0.35431325,-0.12458336,-0.5090243,-0.04367101,-0.5587321,-0.39165822,-0.23185308,-0.23982458,-0.27065805,-0.39673007,-0.40483326,-0.5594331,-0.20656441,-0.111672565,-0.23743038,25.300344,-0.25610664,-0.30678016,-0.99620724,-0.21644975,-0.6579253,-0.16355251,-0.2308716,-0.19757265,-0.36351845,-0.23343983,5.7694483,-0.20225298,-0.10494233,-0.14562602,-0.14626844,-0.25247633,-0.122846805,-0.12252736,-0.17552443,-0.27955398,-0.20133397,-0.07631043,-0.2217641,-0.16844295,-0.042148795,-0.10628021,-0.2662576,-0.035198156,-0.22626917,-0.20610365,-0.015054159,-0.13660118,-0.06644663,-0.4049528,-0.16811854,-0.2876925,-0.36754617,-0.17853007,-0.19100513,-0.17359997,-0.4935972,0.0
0.7010762,0.21738414,-0.4862519,-0.04367101,2.1488776,-0.3500349,-0.19170876,-0.35942546,-0.38913617,-0.34215513,-0.23554079,1.0799723,-0.22307773,-0.17952538,-0.12469798,-0.26748392,1.177005,-0.29004702,-0.7117497,-0.25423673,0.14502671,-0.20270641,-0.26257703,-0.24715465,0.72877467,-0.14579889,-0.26200995,-0.20979016,1.0279219,0.64493155,-0.055832025,-0.19476293,-0.09935002,-0.18399434,-0.15725818,-0.23245032,0.46158773,-0.08851582,-0.25452286,-0.26616174,-0.13247396,-0.1435029,-0.18148355,-0.15093824,-0.34353787,-0.15412855,-0.13980883,-0.05841604,-0.083207145,-0.4733782,-0.039576218,-0.29645923,-0.33296466,-0.04412146,-0.021174278,-0.116323106,-0.40420637,0.0
-0.32155585,-0.21475323,-0.6248502,-0.04367101,0.37742043,-0.29171252,-0.20191741,-0.30032194,-0.33322325,-0.47550857,-0.28938922,-0.006931836,-0.38427478,-0.15553491,-0.22217643,-0.20184322,-0.319807,-0.3413001,-0.59662426,-0.2789285,-0.2322105,-0.15645112,-0.35540882,-0.24475217,-0.24299906,-0.31307885,-0.25446877,-0.27092522,-0.21299602,-0.23878291,-0.090584695,-0.116117045,-0.21617164,-0.078620575,-0.11575569,-0.14762059,-0.22717077,0.0039203903,-0.17997396,-0.28794134,-0.105740346,-0.22925927,-0.23060447,1.9267826,-0.3817579,0.25708044,-0.1395873,-0.16918172,-0.11342342,-0.4216333,-0.079678856,-0.267613,-0.25289503,-0.09237818,-0.15263711,-0.2403379,-0.45602423,0.0
-0.38669634,-0.15712565,-0.6223828,-0.04367101,-0.42464277,-0.30647174,-0.33691138,-0.30540797,-0.37812978,-0.44491994,-0.3391784,-0.6237411,-0.28308123,-0.097086534,0.9708154,0.18173808,-0.2721825,0.19490227,0.059173573,-0.23660782,-0.161792,-0.05703317,0.47866768,-0.16839918,-0.27659166,-0.25602993,-0.45182925,-0.19835901,-0.19404125,-0.30602148,-0.2330952,-0.09355906,0.29822865,-0.14566477,-0.22605646,-0.17398205,-0.30880097,-0.010548348,-0.14410847,-0.26051337,-0.18610683,-0.2237226,4.0382633,-0.09936974,-0.26848343,-0.13423368,-0.04137148,0.024533914,-0.07646408,0.24948747,-0.13723771,-0.21041329,-0.20135747,0.010124249,0.06267704,-0.13197297,-0.076913916,1.0
-0.33037505,-0.12980504,0.13549224,-0.04367101,-0.5552633,-0.4220573,-0.25836378,-0.26554397,-0.24997063,-0.33595616,-0.36397448,1.1444833,-0.25280404,0.8649884,-0.23023185,-0.35813364,1.270483,-0.36719382,-0.58418584,-0.1810821,-0.7009772,-0.1267416,-0.25680983,-0.16913523,1.802011,1.3684375,-0.04482178,0.48966143,2.2775922,0.6037421,0.6267225,0.97859406,-0.096440874,1.001523,0.3584871,2.3234296,0.50229746,-0.12457295,-0.19389208,0.84337336,-0.1736786,-0.12579012,1.6620009,-0.15079102,0.5601895,-0.23125519,-0.035673574,-0.17244698,-0.13825564,0.030948283,0.28800553,-0.40387097,-0.34765726,-0.18223768,-0.11783609,-0.25698325,-0.023968937,0.0
-0.36804497,-0.21792135,-0.5196687,-0.04367101,-0.5564163,-0.2991969,-0.28093773,-0.3764251,-0.31892845,-0.44932202,-0.23002546,-0.6293692,-0.3137225,-0.14803295,-0.260092,-0.26840267,-0.2891959,-0.24259129,0.75110984,-0.2096512,-0.65240306,-0.09327806,-0.27916235,-0.21878484,-0.23933965,-0.3015757,-0.14642556,-0.18190137,-0.19748987,-0.32865635,-0.0145681845,-0.17454226,-0.07159437,-0.26960856,-0.1925165,-0.32575876,6.4589543,-0.006993464,-0.236432,-0.23898919,-0.1987958,-0.07958762,-0.26065177,-0.14066528,2.4587913,3.191755,-0.01961365,-0.1456429,-0.19058727,1.1047658,-0.12443116,2.7825775,-0.3286487,-0.04684511,-0.13477147,-0.22298662,-0.4511312,0.0
-0.35099816,0.0040981276,3.3227015,-0.04367101,-0.5411738,-0.380833,-0.33995655,-0.30679947,-0.3994002,-0.4668864,-0.24936965,3.7746198,-0.3806497,-0.18003066,-0.15097971,-0.22591212,-0.30037755,-0.19244532,-0.8769557,-0.19043936,-0.6078119,-0.08732504,-0.34982347,-0.22870062,0.6995761,3.9337077,-0.25660032,-0.28126317,-0.153098,4.073707,-0.1859837,-0.14986019,-0.23756824,-0.068220794,-0.21895538,-0.22605477,-0.2898159,-0.010827343,-0.14340048,-0.2184305,-0.18010414,-0.25237545,-0.22477728,-0.11178545,-0.20464483,-0.12002764,-0.020922769,-0.17486484,-0.05376103,0.976345,-0.1732016,-0.28436935,-0.34659553,-0.19845946,0.002657164,-0.13292827,-0.3958756,0.0
-0.41614476,-0.16342518,-0.6187178,-0.04367101,-0.54015195,-0.4294882,-0.34999394,-0.3041241,-0.31734785,-0.41368943,-0.33504605,-0.616904,-0.35271013,-0.18813254,-0.16385104,-0.19757338,-0.23979752,-0.46673754,-0.95305187,-0.09776051,-0.7428745,-0.12401917,-0.22312576,-0.24948785,-0.36201954,-0.21754187,5.9190445,-0.28516817,-0.14783302,-0.12678374,-0.13245066,-0.11986839,-0.18343183,-0.08028598,-0.1395242,-0.18800485,-0.31294686,0.031409547,-0.13078503,-0.1835753,-0.0061531626,-0.17520759,-0.16606256,-0.1944725,-0.41955772,-0.15066858,-0.040202606,-0.17135713,-0.17082365,-0.45563793,-0.11466297,-0.31866464,-0.25978115,-0.084119394,-0.0724549,-0.31264263,-0.5572611,0.0
-0.3984544,-0.12679169,-0.58833194,-0.04367101,-0.47178861,-0.30821252,-0.33238542,-0.25012514,-0.2780827,-0.3739631,-0.22205862,-0.5892199,-0.23964232,-0.18275677,-0.15084274,-0.3598789,-0.3028021,-0.39198968,-0.9598366,-0.10918877,-0.80453616,-0.13220198,-0.33458155,-0.20443678,-0.31723383,-0.2335125,-0.18255523,-0.20494702,-0.22783735,-0.18492006,-0.16024595,-0.085848376,-0.21929614,-0.23342323,-0.23183243,-0.120542705,5.5767236,-0.053281162,-0.14559796,-0.21954128,-0.1254395,-0.18151176,-0.28263375,-0.17375287,-0.37376148,8.60687,-0.015964553,-0.15681228,-0.10658455,0.82807994,-0.1758221,-0.38904008,-0.3715004,-0.1106465,0.016489403,-0.21879904,-0.37156054,0.0
0.55602276,-0.12773894,0.08800196,-0.04367101,0.9939324,0.7905551,1.3227688,-0.33673698,-0.3306957,0.049094357,-0.23018706,0.4313094,0.72114307,-0.12951504,-0.11029651,-0.20430508,1.2206992,-0.34893706,0.5361024,-0.10829952,1.2390795,-0.14654166,1.6411723,-0.1904489,-0.2897827,-0.45870814,-0.20921429,-0.2037031,-0.22165453,-0.24843507,-0.17800456,-0.056775853,-0.22060531,-0.08508108,-0.20688002,-0.16094929,-0.37485552,-0.12009896,-0.17617048,-0.24314703,-0.032338127,-0.20671362,-0.1357815,-0.18850213,-0.30737665,-0.19753686,-0.07366258,-0.118042246,-0.19847958,-0.46584138,-0.1942754,0.03954885,0.24874458,-0.11772884,-0.020582454,-0.16984008,-0.18844146,1.0
-0.3545646,-0.10310344,-0.71463794,-0.04367101,-0.46969184,-0.33670303,-0.32255405,-0.31288922,-0.2651481,-0.4629028,-0.23439057,-0.5557182,-0.38213474,-0.30529612,-0.11999592,-0.28053796,-0.3244899,-0.33294052,-0.84346914,-0.17691547,-0.64829236,-0.057756376,-0.22983253,-0.11429916,5.9519625,-0.40701917,3.1077251,-0.1734658,-0.16469425,-0.14819326,-0.09611826,-0.073381126,-0.14883,-0.23148364,-0.17256811,-0.1313737,-0.2694656,-0.14428571,-0.14454757,-0.20976846,-0.14260533,-0.21907055,-0.104190476,-0.2782155,-0.31595778,-0.16795908,-0.030911343,-0.016772874,-0.12460516,-0.4643161,-0.13876233,-0.30720466,-0.21572256,-0.1214912,-0.14530532,-0.1947001,-0.50308293,0.0
-0.37839606,-0.17271632,0.09709024,-0.04367101,0.7683434,-0.32997546,-0.25345227,-0.32273343,-0.3576481,0.8849255,-0.25062367,-0.20229684,-0.23897937,-0.1813935,-0.2361429,-0.24422131,-0.23551378,-0.30167282,-0.69706315,-0.20170328,-0.6528263,-0.05679702,-0.34838673,-0.15780763,-0.43883345,-0.34335968,-0.2204727,0.34759971,-0.16074872,-0.27192995,-0.08102035,-0.079791926,-0.24614944,-0.18290834,-0.22007538,-0.29322183,-0.43083858,-0.121062145,-0.19186105,-0.27007732,-0.024320435,-0.16002697,-0.16105345,-0.20707656,-0.43172944,0.21612616,-0.0516066,-0.17137861,-0.12229091,-0.3448099,-0.10569716,-0.3210369,-0.232407,-0.15485443,-0.047220897,-0.100664675,-0.011516774,1.0
0.354113,0.06967621,0.42818493,-0.04367101,0.15993877,-0.37806255,0.6948057,0.39694965,-0.19906498,-0.022564821,-0.2573712,0.2606923,0.58550423,-0.04372291,-0.11887019,1.6770128,-0.35083872,0.021788206,0.47548252,-0.16190624,0.601926,-0.14030005,0.024651665,0.7652078,-0.41399208,-0.2443786,-0.20082122,-0.2707436,-0.25373536,-0.26603663,-0.1608873,-0.14539401,-0.22378455,-0.12381733,-0.106554374,-0.20645413,-0.16250063,0.013139051,-0.15145785,-0.2625376,-0.0326027,-0.1596505,-0.26951635,-0.19824453,-0.33783382,-0.2082211,-0.08102329,-0.11005305,-0.13563307,-0.14717047,-0.1367284,0.53102666,-0.15605554,-0.030969353,0.009245107,-0.03076082,0.46386737,1.0
-0.30205444,-0.19762693,-0.5221338,-0.04367101,-0.45553952,-0.44511148,-0.32727513,-0.35728532,-0.33967775,-0.49460548,-0.26690468,-0.70049286,-0.2550804,-0.18098336,-0.15339397,-0.35616872,-0.24163459,-0.4092395,-0.9892769,-0.2590715,-0.64682585,-0.18762729,-0.24393909,-0.19767192,-0.23470989,-0.23894249,-0.17455457,-0.21329422,-0.19508542,-0.14450346,-0.13721767,-0.20212066,-0.092821896,-0.1659384,-0.23735142,-0.31447244,-0.18563852,-0.106492445,-0.32040158,-0.2699045,-0.07527069,-0.15977259,-0.20048052,-0.15291257,-0.29564202,10.278225,-0.12678066,-0.05831972,-0.25292602,-0.5166517,-0.1170988,-0.29416907,-0.32621336,-0.09812783,-0.09211536,-0.20348947,-0.45459893,0.0
-0.2602346,-0.09759651,-0.61499107,-0.04367101,-0.45041454,-0.43204883,-0.22651498,-0.18227066,-0.26385218,-0.4811001,-0.3963252,4.9829845,-0.25407922,-0.17069714,-0.10344751,-0.36276194,-0.33547366,-0.38520014,-0.8042355,-0.2432981,-0.7336361,-0.08612008,-0.24527027,-0.19691578,-0.21778038,-0.17824122,-0.10392881,-0.2818574,-0.028589975,-0.24946085,-0.12745592,-0.26453805,-0.10404598,-0.2139782,-0.18677604,-0.28311014,-0.19798785,0.019436767,-0.20151715,-0.13148543,-0.03979077,-0.060032077,-0.16260366,-0.15659785,-0.40355453,-0.21522684,-0.123219624,-0.22090201,-0.16772974,-0.50104207,-0.081772365,0.4597519,-0.32993853,-0.15505745,-0.18913023,-0.28802678,-0.46601436,0.0
-0.23968565,-0.22582532,1.6562394,-0.04367101,1.2618544,1.6985253,1.1248816,-0.32313648,-0.24731122,0.66345453,-0.31177196,0.61359286,-0.24366672,-0.18374732,-0.16102286,4.9286046,-0.3333958,-0.2599005,0.7665647,-0.17909703,-0.20679593,-0.04202087,1.3955588,-0.26379701,-0.4083678,-0.29345614,-0.15982017,-0.2196253,-0.12069768,-0.14256158,-0.19462156,-0.21979812,-0.1998343,-0.21644235,-0.30865425,-0.16677007,-0.37329707,-0.02419076,-0.16169852,-0.14805244,-0.12853277,-0.3220623,-0.15476742,-0.20309032,-0.2120075,-0.03075249,-0.13794214,-0.17518164,-0.20594831,0.5637372,-0.18903974,0.47157544,-0.25142932,-0.17118613,0.17869683,1.0811846,0.37978178,1.0
-0.24447505,-0.14099139,-0.519261,-0.04367101,-0.48589435,-0.32414433,-0.41007087,-0.124378204,-0.33190855,0.29109988,-0.24226974,-0.6869517,-0.38669345,-0.17834556,-0.2578678,-0.25047332,0.06087337,0.35578346,-0.8309856,0.18885271,-0.6178,-0.175109,-0.36225918,-0.25061315,-0.38954875,-0.25940433,-0.27412257,-0.21220118,-0.14800435,-0.26425532,-0.22961475,-0.18910883,-0.15781409,-0.2202729,-0.24753267,-0.26849532,-0.3565552,-0.06530087,-0.16475946,-0.14959088,-0.15501033,-0.24201308,-0.28321952,-0.09049813,-0.30113617,-0.22775179,-0.04782942,-0.08617085,-0.17963937,-0.56640935,-0.19006136,-0.22455421,-0.24015103,-0.1320957,-0.046637684,1.9846412,5.909873,1.0
-0.31945035,-0.17812642,0.8492653,-0.04367101,-0.21968414,-0.39147875,-0.32835266,-0.31101826,0.57499444,-0.10834183,0.7474951,1.422912,-0.33439383,-0.21771824,-0.22813009,-0.07190351,-0.23345888,-0.348665,1.2838356,0.4021692,0.3000751,-0.01694409,-0.45272756,-0.372142,-0.3826293,-0.4039754,-0.19529168,-0.10975764,-0.1845244,-0.15988323,-0.102079675,-0.19729589,-0.21001603,-0.21977073,-0.15261818,-0.19903575,-0.4795864,-0.1625316,-0.16378872,-0.2620753,-0.06710987,-0.18802078,-0.11967827,-0.08395815,-0.30379337,-0.044197846,0.079776905,-0.040401842,-0.23991986,-0.27818182,-0.20798214,0.84789103,-0.11582635,-0.19616614,-0.069735445,0.28866443,0.4970157,1.0
1.5895183,-0.17266439,0.7780313,-0.04367101,1.6135596,-0.42135578,-0.21828683,-0.23730195,-0.19962987,-0.38678572,-0.2374172,0.11705996,-0.24096976,-0.22917998,-0.23421352,1.4095929,1.0541147,-0.28528363,0.06086275,-0.09403819,1.5122025,-0.15646549,1.727737,-0.24720712,-0.35877323,-0.22632068,-0.2842061,-0.2343192,-0.18868084,-0.059785213,-0.18164383,-0.17832498,-0.12250454,-0.21860418,-0.24000433,-0.28578746,-0.23030533,0.001125365,-0.24421382,-0.15283655,-0.06707549,-0.18367694,-0.2713824,-0.21142428,-0.26443788,-0.24830574,-0.029044995,-0.011645137,-0.17579599,-0.60177916,-0.15291323,0.6464168,1.399364,-0.02365164,-0.0968011,-0.10414458,-0.25099993,1.0
-0.3617423,-0.18973823,-0.5041182,-0.04367101,-0.42694935,-0.35419998,-0.29593226,-0.19381766,-0.38148126,-0.4976093,-0.44148165,-0.55084795,-0.21707405,-0.18503705,-0.10367587,-0.27200338,-0.31051773,5.9579473,-0.914865,-0.174676,-0.75093645,-0.060524147,-0.25197014,-0.19878064,3.6585462,3.5528378,-0.1634091,5.6891513,-0.12574996,7.4272776,7.7408547,-0.2572544,-0.078443244,-0.07373009,5.470268,7.8449435,-0.25387475,0.031023543,-0.24941248,-0.19631183,-0.16249779,-0.19095336,-0.20328005,-0.08897623,-0.41414985,-0.2110156,-0.13786152,-0.08273018,-0.11940165,0.32753667,-0.11275668,-0.070526116,-0.18299973,-0.08414381,-0.15764526,-0.16530073,-0.50222313,0.0
-0.48623002,-0.14960398,-0.52872545,-0.04367101,-0.44879967,-0.32242563,-0.2950784,-0.19740841,7.5553546,-0.35717514,-0.40720272,0.1599308,-0.31537628,-0.16992293,-0.24613965,-0.3678391,-0.2599874,-0.29116547,-0.9950002,-0.18342048,-0.73358804,-0.17822707,-0.36947426,-0.13576141,2.62838,1.3253905,0.06518181,1.1025592,1.1073557,4.653813,1.58482,1.9828892,-0.20453405,1.9792873,0.9814439,1.5158496,-0.21854739,-0.008329267,1.99327,1.8154004,-0.08409063,-0.26374167,-0.1935389,-0.060723107,0.54329747,-0.16605814,-0.027705204,-0.09601059,-0.10888013,-0.02320686,-0.020673744,-0.28248307,-0.26962024,-0.057199333,0.012162979,-0.07908989,-0.2710338,0.0
2.6427088,-0.24650128,1.426995,-0.04367101,-0.41621816,-0.32867265,-0.34811735,-0.22321992,-0.31817234,-0.3166232,-0.24043368,-0.66746217,-0.35870284,-0.11633924,-0.3411418,-0.3137511,-0.399601,-0.317786,0.24569046,-0.21849337,-0.5794956,-0.022571504,-0.31921595,-0.25025946,-0.29965758,-0.27118886,-0.24770805,-0.28862596,-0.14525658,-0.24779508,-0.20446153,-0.14594011,-0.2441735,-0.057188794,-0.14427404,-0.2261939,-0.31418633,-0.08432044,-0.20419404,-0.264324,-0.025748165,-0.24066336,-0.27192274,-0.087217286,1.6427898,3.0698788,-0.113933235,-0.024711814,-0.21238889,-0.43814254,-0.10575618,-0.112187,-0.18271783,-0.17574756,-0.025204489,-0.09473755,-0.35888788,0.0
-0.26486227,-0.13502696,-0.48454595,-0.04367101,-0.560753,-0.4204029,-0.22389537,-0.22892998,-0.2622893,-0.48261964,-0.31316411,0.78049403,-0.30454707,-0.09201111,-0.15984257,-0.22971705,-0.3623555,-0.48746487,0.31038842,-0.087270275,-0.72161484,-0.16188702,-0.25417268,-0.15925997,0.30082783,0.83089215,-0.1651956,-0.14911558,-0.13039126,-0.35377464,2.3112457,-0.06842614,-0.2030419,-0.2531602,-0.23780221,-0.16515821,-0.23355967,-0.0054321648,-0.24754186,-0.15611038,-0.09843368,-0.08213393,-0.14371698,4.064056,-0.28506392,-0.16108422,-0.1725563,-0.14632729,-0.20065203,-0.50968796,-0.080791004,0.28934386,-0.18327981,0.46541885,-0.038712673,-0.09026245,-0.3274914,0.0
-0.3590273,-0.046060313,2.1141353,-0.04367101,-0.49530125,-0.33707955,-0.3021317,-0.31707072,-0.2937546,-0.36367792,-0.34176207,2.2784436,-0.36224306,-0.105816595,-0.16752632,-0.2876218,-0.2981666,1.9624119,-0.9393127,-0.23703617,-0.6044967,-0.075235225,-0.34403723,-0.273818,1.1986606,1.0792849,-0.17217396,1.9687631,-0.1769221,2.5395296,2.8173063,-0.23354357,-0.14923748,-0.22552367,2.0212233,2.8985202,8.912147,-0.049983576,-0.22271061,-0.21907026,-0.11925183,-0.14004223,-0.21399608,-0.09547922,-0.3828032,-0.25022662,-0.1889843,-0.17404327,-0.0971968,-0.014063942,-0.075025484,-0.16155863,-0.30827525,-0.086552694,-0.06928428,-0.15975425,-0.4178693,0.0
-0.26833054,-0.20548056,-0.50663066,-0.04367101,-0.4627344,-0.40607116,-0.16475032,-0.36513665,-0.29583403,-0.3904065,-0.15198201,-0.056675915,2.9595234,-0.21900491,-0.24966045,0.31378785,-0.27458662,0.5663864,0.55326664,-0.15925881,-0.23030156,-0.07311367,-0.15863286,-0.15734364,-0.36045745,-0.248628,-0.29025957,-0.16449718,-0.1417363,-0.2255294,-0.17885193,-0.1958938,-0.21531959,-0.082386315,-0.16749611,-0.11388422,-0.25857535,-0.10393822,-0.26108956,-0.24210332,-0.1793077,0.35681885,-0.16115971,-0.13439918,0.2800563,0.39897594,-0.03917524,-0.24812032,-0.09477617,-0.10615571,-0.111656405,-0.3403927,0.17447414,0.0011510163,-0.20856597,-0.15079734,-0.47631076,0.0
-0.057626504,-0.20464605,0.60748607,-0.04367101,0.51848984,0.51632583,-0.08077453,0.4049147,-0.36391014,-0.064096466,0.03821064,0.071261175,1.649128,-0.15441057,-0.21680385,0.4104352,0.48422965,0.22319649,0.62161833,-0.107985176,0.48371303,-0.0749136,1.3449547,0.55370474,-0.4285855,-0.26467174,-0.19434594,-0.4125883,-0.21603756,-0.14524114,-0.23169424,-0.2150549,-0.21777312,-0.13615826,-0.08853739,-0.15155748,-0.27359667,0.018818166,-0.2895353,-0.21915612,-0.03965214,-0.14100043,-0.2494466,-0.121142775,-0.27142724,-0.08312343,-0.12006022,-0.050160885,-0.23944345,-0.44039696,-0.065243624,1.0549928,-0.0055304714,-0.09205767,-0.10149879,0.0686028,0.883658,1.0
-0.27116057,-0.21996175,0.078777485,-0.04367101,0.083602495,-0.39880225,-0.33502042,-0.16516425,-0.3956979,-0.46974635,-0.34973764,0.68398285,-0.25595543,-0.29732463,-0.13962966,-0.24434154,-0.33864495,-0.43404973,-0.9778445,-0.19937637,-0.35767367,-0.20105483,-0.35229605,-0.22336525,-0.17998856,0.053344797,-0.14089325,-0.25838432,2.9914932,-0.25071052,-0.2133042,-0.20453088,-0.11978867,-0.1626968,-0.22255693,0.5170082,-0.20773141,0.0014708363,-0.18904808,-0.15712196,-0.054917764,-0.08732014,-0.26704732,-0.10002578,-0.30519184,-0.024893103,-0.021920662,-0.19881068,-0.15754716,-0.120271236,-0.03852241,-0.310389,-0.2921245,-0.061457783,-0.15837447,-0.24092661,-0.4072059,0.0
-0.31529287,-0.14468361,0.5891597,-0.04367101,-0.44517538,0.063538544,-0.17761444,1.7385442,-0.2193532,-0.4668702,-0.16531822,-0.42844748,-0.35158575,-0.23045906,-0.2176976,-0.18620129,-0.2860735,-0.29162368,-0.64513934,-0.21550483,-0.36492288,-0.2069364,-0.26697072,-0.23626886,-0.22418058,-0.17293683,-0.27793363,-0.28778028,-0.1511615,-0.14062503,-0.14937925,-0.19078082,-0.08603689,-0.06702323,-0.15966626,-0.23346902,-0.10141022,-0.0888414,-0.2830294,-0.121389195,-0.11560073,0.061691638,-0.16645618,-0.17947854,-0.21339731,-0.36660212,0.015263525,-0.09062802,-0.2320236,-0.35258937,-0.099328116,-0.2803741,-0.10052773,-0.03169531,-0.11341808,-0.03938945,0.16452034,0.0
0.89563143,-0.1913703,0.32564017,-0.04367101,-0.13373044,-0.34145167,-0.21538647,-0.3256787,-0.26764882,-0.4035835,-0.3328985,-0.35422722,-0.31170365,-0.079942845,-0.21289304,-0.27837572,-0.47678503,-0.33435333,0.025760695,-0.17432265,-0.37149605,-0.16371226,-0.22468029,-0.19313355,-0.34966093,-0.1917999,-0.25883636,-0.1779407,-0.2159051,-0.4423825,-0.10605826,-0.12480057,-0.16726898,-0.21699332,-0.24040675,-0.2129569,-0.14428818,-0.07915628,-0.22059104,-0.2882558,-0.14597315,-0.11481634,-0.17376344,-0.08614731,-0.11189734,-0.23967122,-0.13985597,-0.010450584,0.0003707508,-0.36285344,-0.15302333,-0.25727668,-0.3352229,-0.19072497,-0.18567012,-0.15164986,-0.57795507,0.0
-0.38365036,-0.16005464,-0.56176966,-0.04367101,0.5964045,-0.36692107,-0.1933272,-0.3594593,-0.37415984,0.8475888,-0.40087783,-0.46213397,-0.2862639,-0.22618033,2.5833485,-0.2582023,-0.2601238,-0.3418392,-0.73420477,-0.09398449,-0.75028765,-0.16169149,-0.3483788,-0.21029542,1.1896503,2.5055692,0.36609375,3.0455518,0.8997519,1.2255225,1.276186,1.8081441,-0.071359396,1.740015,3.1628532,1.1882433,1.1530718,-0.04341396,1.6232363,1.5854701,-0.18770131,-0.12114197,3.029627,1.1640719,0.2746629,-0.037843175,0.035418805,-0.18906434,-0.17886755,2.2720912,4.7240486,-0.3856607,-0.3571727,-0.011689535,-0.13851917,-0.24587676,-0.2940952,0.0
0.42288515,-0.15757999,-0.5838267,-0.04367101,-0.19972616,0.49495125,-0.2414523,-0.23838075,-0.31697565,-0.43250522,-0.23038667,-0.3850163,-0.38652432,-0.1410619,-0.16889478,-0.14611933,-0.3912479,-0.28975073,-0.7780617,-0.2596972,-0.626857,-0.10060594,-0.248391,-0.25021437,-0.155869,-0.21531852,-0.18966782,-0.24767944,-0.15005134,0.6092134,0.43238544,-0.2013727,0.74031657,-0.13581905,-0.17331363,-0.29285428,0.1463974,-0.06802846,-0.13890201,-0.14975835,-0.1224085,-0.078626916,-0.3454297,-0.18232937,-0.24551718,-0.24020836,-0.17665555,-0.2308363,0.17598367,-0.1354793,0.005184071,-0.33176708,-0.19707283,-0.08251009,-0.046313155,-0.18881838,-0.2830601,0.0
-0.3322593,-0.26077905,-0.48961866,-0.04367101,-0.4272343,-0.3162321,-0.34074056,-0.238404,-0.3722039,-0.3592853,-0.24171042,-0.83112025,2.6681268,-0.13013284,-0.26529652,-0.35499135,-0.24758257,-0.34907272,-0.42456526,-0.10561683,-0.6202199,-0.06358287,-0.3826456,-0.17001094,-0.39493364,-0.4000642,-0.2600765,-0.17849189,-0.19041033,-0.20550895,-0.15079664,-0.08998517,-0.21179023,-0.090169564,-0.23339327,-0.10397219,-0.2562008,-0.12699646,-0.14641203,-0.15377297,-0.10722825,-0.10581328,-0.14176558,-0.098276265,-0.33941546,-0.20560957,-0.016616365,-0.19722158,-0.18486965,-0.08829302,-0.18959866,0.44016907,-0.36504242,-0.040337924,-0.056615304,-0.19719781,-0.20648628,1.0
0.94491947,-0.11381955,0.22549585,-0.04367101,0.16411287,-0.41497567,-0.3390643,-0.26489648,0.99503237,1.1693,-0.3534183,-0.48142642,-0.26183537,-0.17979881,-0.25785756,-0.27329916,0.5521121,-0.3277246,-0.08050831,-0.119448036,0.53070915,3.9379842,-0.37934506,-0.16460337,-0.34165892,-0.2972266,-0.29510725,-0.11972878,-0.21512906,-0.23744217,-0.22782956,-0.1621746,-0.14922862,-0.078364424,-0.24468593,-0.26345542,-0.39887917,-0.056744143,-0.132358,-0.21938987,-0.0050958213,-0.19556543,-0.25064102,-0.12429901,-0.363959,-0.2037344,-0.10620249,-0.2741403,-0.1002179,-0.38086897,-0.15414996,-0.2827871,-0.3482276,1.9727783,0.07090954,-0.03644213,0.13990055,1.0
-0.36235744,-0.119932145,6.4598675,-0.04367101,-0.48069313,-0.38935384,-0.39508373,-0.25200027,-0.2847149,-0.49388248,-0.30412915,-0.5682279,-0.32990265,-0.118560955,-0.22058941,-0.36533546,-0.4174658,-0.36478364,-1.0027835,-0.21790834,-0.7471156,-0.18338886,-0.35835004,-0.20364217,-0.24383615,-0.31407538,0.8921955,-0.17025883,-0.1317515,-0.26329622,-0.09481537,-0.11413395,-0.2195717,-0.17147309,-0.11541319,-0.17385605,-0.27506325,-0.090037204,-0.29514855,-0.2553245,-0.13671248,-0.20977478,-0.19149083,-0.17976138,3.3274894,-0.23851214,-0.024576336,-0.17566578,-0.18424632,1.4629263,-0.10859876,-0.2912381,-0.20607413,-0.14212275,-0.2540198,-0.18284631,-0.54563713,0.0
-0.23718537,-0.06217014,-0.4188414,-0.04367101,-0.5470825,-0.30853677,-0.23481902,-0.39363813,-0.23178244,-0.4701437,-0.29203027,-0.62023205,-0.28018558,-0.2071251,-0.09772871,-0.23915829,-0.363734,-0.39302555,1.6097604,-0.21511357,-0.6539957,-0.21860215,-0.19778594,-0.25569016,-0.3434041,-0.13228713,-0.030779444,6.955499,-0.13953134,-0.25965092,-0.063995756,-0.13628136,-0.13243072,-0.2091331,-0.20871021,-0.28931487,-0.31577808,-0.050657928,-0.2563749,-0.1492826,-0.12438931,-0.100526705,-0.30228797,-0.17903401,-0.35173473,-0.33770734,-0.025752014,-0.14436644,-0.11167583,2.0390334,-0.13120793,0.5543246,-0.25444278,-0.12519605,-0.17206973,-0.1781642,-0.4779835,0.0
-0.29197356,-0.109220415,-0.11723837,-0.04367101,0.50586444,-0.37101603,-0.36967865,-0.25086036,1.1893239,-0.38914767,-0.357787,-0.05889502,-0.25089017,-0.18378085,-0.16932979,-0.25769058,-0.2556091,1.1599941,-0.6106363,-0.23241308,-0.13239098,-0.15356599,-0.43507034,-0.17756866,-0.46973467,-0.32970464,-0.20745194,-0.13346301,-0.19454843,-0.2529987,-0.20793268,-0.119681515,-0.16548079,-0.08322901,-0.13088627,-0.27661532,-0.36280346,-0.058215775,-0.16035694,-0.23919797,-0.10535745,-0.09578865,-0.17512527,-0.12788351,-0.10153355,-0.08314806,-0.09055671,-0.094425514,-0.20167504,-0.4874596,-0.041540936,0.02124138,-0.26738,-0.15825504,-0.10524715,-0.018054133,-0.26854107,1.0
-0.3775853,-0.14325833,-0.5112208,-0.04367101,-0.39293557,-0.31660557,-0.35411596,-0.42800444,-0.22548473,-0.35559967,-0.3241448,-0.681228,-0.2752936,-0.10561505,-0.19199109,-0.37289187,-0.33393574,-0.28037378,-0.37802657,-0.10820781,-0.7082087,-0.15547356,-0.35119522,-0.17455852,-0.40068236,-0.36659086,-0.18385987,-0.20796876,-0.08922865,-0.26910296,-0.17294826,-0.19960032,-0.09630484,-0.14163104,-0.218534,-0.27158195,1.4689493,0.005220761,-0.14092822,-0.16859208,5.2336993,-0.17745909,3.760953,-0.17015894,1.3673289,1.7475075,-0.15415432,-0.07622581,-0.22636344,-0.498426,0.8564526,-0.45567602,-0.35446757,0.25937375,-0.076471984,-0.17325069,-0.6298485,0.0
-0.12767692,-0.02060318,0.5931722,-0.04367101,0.18691407,-0.43344626,-0.29967892,-0.10041354,-0.3364384,-0.33448237,-0.3133335,0.30068824,0.021958152,-0.1921961,0.12580422,-0.22543721,1.3606986,-0.31062534,-0.45899802,-0.21759218,-0.3660942,-0.039715704,-0.31205013,-0.07642201,0.43696028,-0.26285696,-0.21403372,-0.24468586,-0.14139317,-0.26630676,0.20002952,-0.15978858,0.1570176,-0.11291328,0.009889912,-0.240014,-0.10599389,-0.0041468255,-0.22677927,-0.052388567,-0.17818983,0.94952416,-0.13455802,0.33297062,-0.1629255,-0.240341,-0.1283236,-0.06600276,-0.10944604,-0.36277375,-0.1831407,-0.09136916,-0.36637583,-0.107614264,-0.09508021,0.058041796,0.5489249,0.0
2.3536832,0.01940691,0.41361997,-0.04367101,-0.4195528,0.87929577,-0.2684166,-0.17881158,0.74627787,0.37766102,1.4257149,0.9699887,2.557164,4.312552,-0.21234642,0.10714945,0.8713976,0.10118795,1.0137616,0.40304327,0.49733716,-0.2446099,0.6850135,1.5845664,-0.25106815,-0.36957785,-0.24517334,-0.0913719,-0.09406828,-0.15673003,-0.12799492,-0.19917864,-0.227689,-0.063777275,-0.124792024,-0.2878178,-0.27110848,-0.11355437,-0.23654039,-0.20759481,-0.04322482,-0.1166464,-0.16996342,-0.17480475,-0.29881996,-0.16265313,0.52630424,-0.1662968,0.013898463,-0.28875685,-0.14823179,0.290786,0.36569285,0.3934786,-0.013633981,0.32075086,6.4929414,1.0
-0.40948623,0.67757,-0.5257896,-0.04367101,-0.3679859,-0.33766457,-0.29544988,-0.2858262,3.670547,-0.47089326,-0.31999746,-0.6666862,-0.25040936,-0.085937396,-0.09518445,-0.26222786,-0.25358194,-0.2803678,-0.9887759,-0.29286763,-0.7059927,-0.10993314,-0.41737875,-0.06562162,-0.31557158,1.020204,0.42140114,-0.15753765,-0.20913875,-0.25174,-0.09559105,-0.06725147,-0.12988484,-0.17985067,-0.22589777,-0.19385438,2.4065099,-0.057507,-0.25656882,-0.19135092,-0.098715834,-0.21743302,-0.23102319,-0.09433493,-0.31917584,-0.024161467,-0.19360073,4.1666064,1.3656613,-0.46801454,-0.07993994,-0.33278573,-0.32698542,-0.015056581,-0.045104094,-0.19958605,-0.21400921,0.0
-0.37474313,-0.0003770152,-0.6375253,-0.04367101,-0.4117165,1.5009375,-0.303834,-0.18594661,-0.37389627,-0.36819145,-0.18876854,-0.52826566,-0.24069637,-0.21355061,-0.18012068,-0.23136403,-0.33493805,0.4945657,0.8164766,-0.13430147,0.15945032,-0.20244701,-0.321129,-0.25273117,-0.33142018,-0.27507687,-0.20695671,-0.29460308,-0.18039504,-0.19260085,-0.14390719,-0.12150448,-0.22466439,-0.11781802,-0.23603529,-0.17955402,-0.3167697,0.013871657,-0.14694017,-0.12626052,-0.09389798,-0.21583124,-0.2177377,-0.09945397,-0.32370552,0.37059018,-0.09847013,-0.049529117,-0.1373739,-0.14766982,-0.18844222,-0.12192608,-0.33140862,-0.21801251,-0.059605855,-0.18696673,-0.36344382,0.0
-0.27714798,-0.1494576,-0.5100881,-0.04367101,2.2652113,-0.29019046,-0.2613168,-0.40174615,-0.38750002,-0.43194672,-0.31908375,-0.5379152,-0.3702368,-0.09362909,-0.13350959,-0.3668785,-0.38958767,-0.3521966,-0.061525803,-0.087281145,-0.63555306,-0.15916495,-0.2455623,-0.27262673,-0.26460692,-0.1672857,-0.10883876,-0.2215046,-0.03951608,-0.25676584,-0.07272392,-0.23147078,-0.10806162,-0.1834764,-0.1826932,-0.2677872,-0.19486421,0.022758152,-0.27688164,-0.11957104,-0.07638917,-0.12187962,-0.26141676,-0.19283995,-0.27343175,2.0022006,-0.14383274,-0.1743715,-0.18301441,-0.41311052,-0.18687862,-0.18438193,-0.30844992,-0.131658,-0.12229129,-0.29931852,-0.542889,0.0
-0.20792578,-0.1898906,-0.067626916,-0.04367101,-0.32847327,-0.28927475,-0.2563971,-0.35536802,-0.123530634,-0.21504654,-0.2765522,-0.12657897,-0.08625564,0.31046966,-0.18592542,-0.21848895,0.03233209,-0.09711269,-0.6562098,-0.1648641,-0.5997036,-0.18821423,-0.24361867,-0.17985034,-0.2735698,-0.35300648,-0.25459352,-0.12255962,-0.13264397,-0.24150522,-0.118533134,-0.066690736,2.4979322,-0.14222442,-0.22807823,-0.088075176,1.799747,-0.1541935,-0.21108705,-0.06675921,-0.06158512,-0.06111548,-0.17123379,0.13890806,-0.24232334,0.12971681,0.00045665624,0.56693804,-0.09161782,0.48769757,0.031867575,-0.19508731,-0.34133375,-0.06821345,-0.20792286,0.34076026,5.7756805,0.0
-0.30114418,-0.13269673,-0.5581519,-0.04367101,0.14837688,1.1647143,0.77530724,-0.2125274,-0.23102592,-0.39113882,-0.24127197,-0.2173363,-0.29413763,-0.2295217,-0.32779625,-0.4762316,-0.27984187,-0.43217194,-0.45110813,-0.1912849,-0.33743948,9.4671545,-0.3342942,-0.14117132,-0.28332347,-0.34536126,-0.31764418,-0.2747091,-0.26057386,-0.1948203,-0.26379636,-0.17376314,-0.17136437,-0.20145261,-0.24628446,-0.16196609,-0.4145544,0.021643512,-0.23117928,-0.12719871,-0.067085095,-0.23759812,-0.107797176,-0.09353803,-0.23720236,-0.19097967,-0.013187617,-0.1725713,-0.21784867,-0.32695135,-0.12056031,-0.14700854,-0.2237757,3.1008003,-0.0614881,0.038328987,0.59098303,1.0
-0.4693137,-0.18295842,-0.51511294,-0.04367101,-0.5290748,-0.29264426,-0.27553973,-0.15122347,-0.3725698,-0.36643454,-0.2878443,-0.64896333,-0.3446857,5.276446,-0.056566313,-0.26394153,-0.31836057,-0.30290255,-0.8994113,-0.14023253,-0.6522738,-0.20357446,-0.34508187,-0.23299827,-0.26432067,-0.34007424,-0.21075211,-0.22953162,-0.24545525,-0.27501228,-0.10844184,-0.13332757,-0.2131676,-0.19087765,-0.22952925,2.1522546,-0.20593068,-0.1241162,-0.17711411,-0.16946958,-0.068464555,-0.19928643,-0.13872525,-0.17497668,0.83794296,-0.21142186,-0.020712163,-0.19979371,-0.09774799,0.094808586,-0.22961107,-0.05518948,0.9276237,-0.07739171,-0.0826318,-0.22467664,-0.30365014,1.0
-0.2574182,-0.1510034,-0.5119689,-0.04367101,-0.3933193,-0.36874145,-0.21835543,-0.33684438,-0.29028204,-0.41431797,-0.44586217,-0.7504628,-0.3743933,-0.11064951,-0.06987863,-0.3297889,-0.37608323,-0.32717267,-0.79553974,-0.11483868,-0.71090275,-0.16511768,-0.257515,-0.21446906,-0.18819739,-0.33805433,-0.20120627,-0.20741254,-0.20678417,-0.16697061,-0.04240405,-0.16818672,-0.14876974,-0.17151706,-0.17477204,-0.27202368,-0.28034148,-0.021015206,-0.23028803,-0.24295396,-0.11683228,-0.19366765,-0.16789073,-0.08501849,-0.2416268,-0.20725115,-0.083328664,-0.034294486,-0.09842454,-0.4947653,-0.17564164,-0.21835941,-0.19436923,-0.07265011,-0.16260393,-0.2186983,-0.47827855,0.0
-0.45546713,-0.15962374,-0.5635801,-0.04367101,-0.6634756,-0.28620788,-0.33893943,-0.36759284,-0.35706776,-0.3605018,-0.1445211,-0.7570547,-0.31511587,-0.18617843,-0.20411193,-0.20707057,-0.3454654,-0.27895772,-0.9337296,-0.01790434,-0.7099327,-0.08388329,-0.34094635,-0.19959304,-0.35137624,-0.31037775,-0.17056751,-0.3543941,-0.1208133,-0.1741693,-0.18612175,-0.119446956,-0.24931137,-0.247231,-0.13696507,-0.2509453,-0.35944483,-0.007935806,-0.13153347,-0.18830557,-0.081499346,-0.21922955,-0.25715843,-0.12677182,2.7250102,-0.20758098,-0.062120873,-0.096515626,-0.18812948,-0.54851836,-0.14436424,-0.24945337,-0.3352336,-0.16558611,-0.22543244,-0.22085182,-0.41926512,0.0
-0.32498068,-0.13290057,-0.45108745,-0.04367101,-0.5429619,-0.40966648,-0.30742896,-0.39881244,-0.26225027,1.7299038,-0.35018978,-0.62998176,-0.39259177,-0.19861354,-0.084906235,-0.33375058,-0.2503456,-0.3251475,-0.9623566,-0.18394445,-0.7114398,-0.2005408,-0.32572788,-0.13372198,0.37869832,0.93481565,0.7649854,-0.24200931,-0.113865696,-0.17296885,-0.10139861,-0.054279182,-0.18547367,-0.16671391,1.7828948,-0.20374249,-0.28040862,-0.008825535,-0.111953065,-0.11748672,-0.15145405,-0.1327981,-0.08581419,-0.22189514,-0.33878627,-0.1869056,-0.06207051,-0.15122548,-0.097954825,-0.49308518,-0.07835496,-0.30578268,-0.16539492,-0.037446722,0.034760963,0.24401581,-0.2673161,0.0
5.7419524,-0.08112332,-0.5863549,-0.04367101,-0.452474,-0.28806174,-0.3150253,-0.2256652,-0.35355264,-0.406693,8.623367,1.7915262,-0.30105913,-0.19575502,-0.19669464,-0.25358728,-0.27010697,-0.3686034,0.2758594,-0.19927324,6.0730085,-0.10178282,-0.2760999,-0.19466312,-0.4038295,-0.20230879,-0.25932503,-0.31170312,-0.109807305,-0.22471927,-0.12697423,-0.15931354,-0.15252687,-0.13360992,-0.22541882,-0.20283574,-0.34320164,-0.059131607,-0.117928565,-0.12249663,-0.09756685,-0.19253667,-0.25804555,-0.20413569,-0.29427537,-0.035564765,-0.058129758,-0.099231586,-0.10063363,-0.5207126,-0.15167274,-0.30721554,-0.32325163,-0.17284591,-0.0065057175,-0.036628336,-0.31231582,0.0
-0.3823081,-0.28217795,1.4799906,-0.04367101,-0.43378124,-0.26383078,-0.32130677,-0.31512147,-0.34951186,-0.3420776,-0.3192319,0.035677385,-0.31564507,-0.07862489,-0.26136515,1.0968231,-0.22442311,0.5734678,2.333669,-0.22299251,0.95526916,-0.070592195,-0.26330882,-0.19291823,-0.37989116,-0.35333058,-0.2922715,-0.1509057,-0.113361225,-0.15575765,-0.17937434,-0.11184557,-0.098967224,-0.115602046,-0.26583308,-0.294081,-0.33458892,-0.040042758,-0.20829156,-0.12398526,-0.12614879,-0.20665468,-0.16804674,-0.10226793,0.10910754,-0.1738541,0.009761864,-0.19170378,-0.13073322,-0.29689816,-0.2034355,-0.0007425051,0.0029881136,-0.115730606,-0.15397479,-0.2685652,-0.5426587,1.0
0.3368527,-0.014342431,0.549594,-0.04367101,1.5787202,-0.020960758,-0.3475603,-0.34271044,1.0639389,0.5015583,0.63779,-0.045611747,1.0604101,-0.18490046,-0.2306284,-0.27867085,0.79979694,-0.25820154,1.6361562,-0.2039155,1.0667757,-0.016577344,0.60234773,2.9489496,-0.3815563,-0.14397871,-0.28717324,-0.13197628,-0.20867777,-0.23432787,-0.21791762,-0.16295797,-0.1412007,-0.12559125,-0.09672822,-0.18707187,-0.3805974,-0.12506524,-0.1556695,-0.1799278,-0.16119762,-0.23118483,-0.1224172,-0.06691125,-0.3457954,-0.17470556,-0.022292154,-0.05011577,-0.08427741,-0.31559306,-0.17366418,-0.12206612,11.699774,-0.042607456,0.1575302,0.567126,1.5368589,1.0
-0.34174287,-0.17195141,0.35312355,-0.04367101,1.0199242,-0.30769682,-0.2994583,-0.23384508,1.2825735,-0.3296621,-0.30887005,-0.66697854,-0.24081147,-0.10453819,-0.16724479,1.0432702,1.9838847,-0.40585792,-0.23964238,-0.21839902,-0.2747945,-0.14204581,2.671532,-0.18549341,-0.30383587,-0.3323211,-0.31099308,-0.19080193,-0.17039649,-0.14848422,-0.24626908,-0.09059181,-0.1887728,-0.22282307,-0.1723244,-0.2478799,-0.24413706,-0.048050683,-0.222589,-0.14505917,-0.17439859,-0.19764672,-0.21234417,-0.15388612,0.22075208,-0.26770845,-0.00622269,-0.019654643,-0.19129834,-0.051675297,0.35634682,0.099845745,0.64481527,-0.09763445,0.023982182,-0.058284853,0.06531278,1.0
0.7510521,-0.121996686,-0.0743349,-0.04367101,-0.38237306,-0.48135117,-0.19081657,-0.2984284,-0.25477138,-0.094938725,0.40534326,1.7126412,-0.3711485,0.33048505,-0.11324406,-0.34554866,-0.2335163,0.12615927,-0.7140451,-0.11545689,-0.586059,-0.1695784,-0.38666776,-0.081273064,0.6783176,0.87922746,-0.13673349,0.02692988,-0.115499295,0.7074385,0.31122354,-0.19270314,0.978964,-0.13478817,0.47150216,0.7216821,2.5483572,-0.0892019,0.24878728,-0.23561604,-0.15022846,0.19553947,0.8196811,-0.101504795,-0.18915468,-0.28490484,-0.10922808,1.3650842,1.0793756,-0.0028461956,0.04987929,-0.16981685,-0.33100975,-0.20721157,-0.14628363,-0.110266976,0.098060325,0.0
1.7670306,-0.1276348,-0.4772803,-0.04367101,-0.5171944,-0.2815273,-0.2506547,-0.29799557,-0.33430675,-0.41159335,-0.24159352,-0.6301819,0.7651813,-0.14038767,-0.12077004,-0.36137912,-0.31807786,-0.47470784,-0.33926472,-0.21306066,-0.36859584,-0.060794417,-0.3442026,-0.24381715,-0.19062446,-0.31214103,-0.19095924,-0.29519752,-0.18502414,-0.2844658,-0.21027091,-0.16024378,-0.115507014,-0.24934906,-0.24567619,-0.12102613,-0.4401116,-0.13005988,-0.25239617,-0.027761573,-0.052110843,1.5231689,-0.24013188,-0.08662889,-0.16142328,-0.26948482,-0.17376977,-0.051402748,-0.05480363,-0.29146966,-0.039686967,-0.40497857,-0.3064735,-0.1931481,-0.013175276,-0.20259465,-0.36723426,0.0
3.5102863,-0.17186362,-0.5872099,-0.04367101,-0.5516287,-0.36214736,-0.12835,-0.25023302,-0.29982084,-0.27375352,-0.25560275,-0.6432753,-0.31073034,-0.20082578,-0.2069438,-0.3139479,-0.33905503,-0.36307877,-0.2044484,-0.081208475,0.3689065,-0.057175875,-0.331816,-0.23545957,-0.2701373,-0.1996831,-0.14019272,-0.26030847,-0.08177174,-0.2532241,-0.042024482,-0.11525449,-0.12674344,-0.073398344,-0.16368435,-0.25371957,-0.3021966,-0.10483698,-0.18043426,-0.15513098,-0.18834971,-0.07878149,-0.18463175,-0.15082791,-0.31541693,-0.11679822,-0.15388192,-0.15786633,-0.08278148,-0.36652404,-0.051364336,-0.099995285,-0.34306946,-0.10173429,-0.13477932,-0.27267322,-0.47633898,0.0
-0.34926146,-0.06449362,-0.55813235,-0.04367101,-0.49479938,-0.35508692,-0.30713266,-0.35010394,-0.3337095,-0.5742508,-0.3656309,-0.62333333,-0.33625343,-0.31256503,-0.13204724,-0.31359395,-0.27485627,-0.43147865,-0.87273645,-0.07638143,-0.5120311,-0.20264786,-0.34070128,-0.27548712,-0.28638807,-0.27993724,3.920826,-0.16436353,-0.20404777,-0.14444356,-0.20024343,-0.19639625,-0.17913818,-0.14281917,-0.2254494,-0.22290917,-0.33609405,-0.12720282,-0.16058978,-0.36164758,-0.18601842,-0.21015163,-0.17130846,-0.18710048,6.213703,-0.26761523,-0.1516123,-0.060207136,-0.080547854,-0.41936067,-0.022983538,0.7882281,-0.23073624,-0.1641633,-0.13773593,-0.33325168,-0.48381108,0.0
-0.28850693,-0.21885054,-0.48497406,-0.04367101,-0.5361292,-0.4469006,-0.23440221,-0.24642684,-0.3660701,-0.43433905,-0.33869973,-0.52636987,-0.25238663,-0.15971626,-0.1119072,-0.21491061,-0.2556104,-0.3649887,1.2008348,-0.12572764,-0.72276145,-0.1516703,-0.40524328,-0.18092027,-0.31514016,-0.34476686,-0.2068438,-0.26198632,-0.20662473,-0.30576766,-0.1299001,-0.12132454,-0.16830075,-0.12706578,-0.21771707,-0.21891445,-0.30215898,-0.10674663,-0.14675276,-0.12734915,-0.18167153,-0.20954648,-0.2344507,-0.17192703,-0.2933653,-0.19950607,-0.13770731,-0.10058063,-0.17690562,-0.3909472,-0.084773906,-0.34532472,-0.20484005,-0.12422588,-0.01333133,-0.0959337,-0.5133275,1.0
-0.28254992,-0.23074736,-0.7473405,-0.04367101,-0.44109786,-0.35231882,-0.24723871,-0.3348039,-0.37736216,-0.4580383,-0.31226566,-0.69077307,-0.3287795,-0.07414368,-0.24352024,-0.30365026,-0.29295897,-0.37528732,2.1761382,-0.11463134,-0.7468432,-0.13317795,-0.26747087,-0.299533,0.6503574,-0.3772105,-0.24114488,-0.15645565,-0.079262435,-0.35859877,-0.19711594,-0.2196568,-0.2329289,-0.08148097,-0.118676156,-0.30741864,-0.41252568,-0.1349306,-0.27428633,-0.0740986,-0.21118753,-0.24915072,-0.20893107,-0.15613392,-0.3274002,-0.08167352,-0.12106705,-0.022756202,-0.114568144,-0.39094156,-0.1900226,-0.37338096,-0.2514165,-0.11859971,-0.07969701,-0.15931073,-0.41461024,0.0
-0.04074142,-0.03097103,1.5153166,-0.04367101,0.8825059,2.619077,0.849082,-0.22974999,2.4200168,-0.23518486,1.1215618,0.064996235,0.6640673,-0.07865259,6.4392443,-0.1880058,-0.18996634,1.7263234,0.0040613445,0.15247655,-0.07235501,-0.07307339,1.4926533,-0.011471187,-0.32641467,-0.283847,-0.31228274,-0.28245097,-0.13311957,-0.13641639,-0.16128637,-0.17619194,-0.24810696,-0.06537744,-0.29556835,-0.2616985,-0.38915622,0.010279461,-0.14690895,-0.20991397,-0.041606247,-0.14753959,0.80456346,-0.29097515,-0.296571,-0.10777943,-0.085992165,-0.1686028,-0.2147753,-0.20957161,-0.2026954,0.113727346,0.30413166,-0.1138679,0.15000622,2.7598968,2.0986426,1.0
-0.2854855,0.14070787,-0.6170177,-0.04367101,0.9680638,-0.26954496,3.0030847,-0.13906544,-0.41376802,-0.28133923,-0.28442505,-0.048425484,-0.34352812,-0.20421521,-0.24094711,2.1678383,0.79827297,-0.29177204,0.5772632,-0.18865944,0.38162437,-0.023509303,-0.36729115,-0.31043193,-0.2877406,-0.41106176,-0.26264074,-0.13349739,-0.11020624,-0.1872342,-0.20891276,-0.20945571,-0.1160069,-0.22384883,-0.14493728,-0.31381503,-0.39656043,-0.1290963,-0.09138758,-0.11773839,-0.018785086,-0.17121443,-0.16310667,-0.116215035,-0.27109626,-0.1831792,-0.11703512,-0.092365965,-0.2007008,-0.5173864,-0.12723598,0.2357364,-0.24917652,-0.14091983,0.021084487,-0.16014156,-0.20932181,1.0
-0.40171716,-0.14493842,-0.4782528,-0.04367101,2.218255,-0.4313033,-0.3246838,-0.2518587,-0.31398523,2.405946,-0.2635264,0.27686092,-0.28379503,-0.08891812,-0.1690406,-0.23015958,-0.28441477,-0.3820179,0.7811665,-0.11451349,-0.63744056,-0.13310613,-0.34647784,-0.15933749,-0.30827874,-0.35625306,-0.25947407,1.1015447,-0.090891786,-0.12318243,-0.19148256,-0.1427939,-0.1954074,-0.2077356,-0.24362297,-0.10039878,-0.37719426,-0.16276196,-0.13922314,-0.24007691,-0.0383412,-0.14156713,-0.2608881,-0.16059086,-0.32741237,0.78696954,-0.012306221,-0.11936108,-0.07492392,-0.52999985,-0.14829351,-0.2875582,-0.2212612,-0.10165555,-0.18686287,-0.22380766,-0.34114638,1.0
-0.36674199,-0.18252128,-0.56793594,-0.04367101,-0.4534832,-0.31476605,-0.3005741,-0.28365016,-0.24599525,-0.43950352,-0.2518608,1.2528367,-0.2863733,-0.13723359,-0.13851798,-0.34575352,-0.27338612,-0.16275826,-0.82024425,-0.27090794,-0.5750679,-0.17370953,-0.3855274,-0.27098292,-0.3127607,-0.2840589,-0.24525549,-0.2572825,-0.1985487,-0.20616014,-0.18608494,-0.06619278,8.022845,-0.10546039,-0.17019315,-0.15059847,-0.22243516,-0.024310226,-0.23927112,-0.119177684,-0.17817992,-0.15633719,-0.11578421,11.419533,-0.20545408,-0.105865404,-0.045318138,-0.16179837,-0.12651509,-0.48063952,-0.17942065,-0.18953443,-0.2379516,-0.061921716,-0.053216506,-0.29759246,-0.49200538,0.0
2.4875298,-0.16133614,-0.5926021,-0.04367101,-0.5541413,-0.29838374,1.9818225,-0.30243596,-0.258167,2.906605,3.659614,0.3522452,-0.36635858,-0.24744163,-0.17230088,0.81001484,9.254172,-0.31499723,2.1736145,-0.19723983,0.03879688,-0.027932374,2.3254783,-0.0983148,-0.38023552,-0.3726095,-0.3019787,-0.36719373,-0.21433936,-0.24533375,-0.19136621,-0.19639447,-0.266325,-0.109071046,-0.23444182,-0.13708827,-0.4145813,-0.14821973,-0.23377375,-0.12115372,-0.0848182,-0.11998944,-0.23418057,-0.18388264,-0.22067542,-0.19908437,-0.07268441,-0.07602145,-0.22550249,-0.50233644,-0.074715674,0.3109995,0.17909981,0.6137543,-0.12372777,-0.12041056,-0.4490399,1.0
-0.5004822,-0.15616731,-0.5345597,-0.04367101,-0.47911677,-0.32544366,-0.20639552,-0.24854927,-0.18539602,-0.49181935,-0.20685674,0.47469386,-0.24945067,-0.106214456,-0.17283177,2.2013106,-0.32616642,-0.3371831,1.2135494,-0.0970504,-0.7150326,-0.094712496,-0.27296513,-0.26087195,-0.26062104,-0.35302418,0.59429216,-0.30552298,-0.23849829,-0.25782096,-0.05928147,-0.19873574,-0.21789882,-0.07852676,-0.17159957,-0.24322768,1.949998,-0.10686907,-0.2779816,-0.18042648,-0.10249267,-0.19476935,-0.32958174,-0.12161424,0.77470666,-0.14142333,-0.01857005,-0.112226285,1.2935593,-0.43827766,-0.21980245,-0.20030077,-0.35989508,-0.20521282,-0.093014166,-0.13017611,-0.5340773,0.0
-0.37149227,-0.11794118,-0.5064457,-0.04367101,-0.46379417,-0.43061936,-0.334106,-0.23280755,-0.29395196,-0.4594547,-0.33175412,-0.72636,-0.25980785,-0.22559227,-0.26415247,-0.35097072,-0.23625094,-0.42261,-0.9885294,-0.19949037,-0.63003695,-0.08776149,-0.21988273,-0.2061283,-0.24185477,-0.2293417,-0.25649548,-0.30050337,-0.17316313,-0.11976019,-0.17172037,-0.124839194,-0.0548053,-0.0739128,-0.1317504,-0.14398071,-0.5160417,-0.009794755,-0.13653512,-0.22611217,-0.085672595,-0.21227409,-0.24213387,-0.031302467,-0.3910666,-0.20191309,-0.10373824,-0.13198651,-0.08020605,-0.48568493,-0.09407372,-0.40849173,-0.26783577,-0.04275023,-0.10394824,-0.2537887,-0.56681347,0.0
-0.23498301,0.039018888,0.26887614,-0.04367101,-0.4480322,-0.3544814,-0.34404877,0.88153815,0.9083395,-0.44635856,-0.37581778,-0.7037026,-0.25349075,-0.18697354,-0.22167157,0.31565276,-0.26293916,0.3354473,-0.7941952,4.5300307,-0.6541265,-0.16046,1.9183499,0.58359593,-0.31801933,-0.36249697,-0.25435266,-0.2764876,-0.09211004,-0.24788362,-0.24819462,-0.18358815,-0.14639662,-0.10670138,-0.17991532,-0.2982459,-0.3195715,-0.13943295,-0.17746536,-0.16897246,-0.06032615,-0.09154472,-0.23980562,-0.18986054,-0.32859305,-0.20554462,-0.023032721,-0.22625071,-0.09165806,0.69839406,-0.076214984,-0.30025008,0.95454866,-0.18135403,-0.1167752,-0.1570231,-0.4250016,1.0
-0.3211271,-0.20357542,-0.52850634,-0.04367101,-0.53169864,-0.31941575,-0.23528305,-0.25028032,-0.3854229,-0.50193965,-0.24281098,-0.49717218,-0.3161658,-0.11115635,-0.24401447,-0.34048674,-0.27584663,-0.33869797,-0.83535814,-0.10167873,-0.74783975,-0.087991774,-0.24374458,-0.2786661,0.9271183,2.0342748,-0.2404015,-0.2671889,-0.08743609,-0.284727,-0.19610071,-0.09828496,-0.11182663,-0.07352925,-0.162074,-0.25041962,-0.29158282,-0.034615308,-0.13044809,-0.22361936,-0.07150392,-0.17462963,-0.355802,-0.10792827,2.042776,-0.18379821,-0.036500655,-0.18156733,-0.20941809,-0.53283453,-0.065167315,-0.30997154,-0.2772574,-0.13558117,0.025267882,-0.2405074,-0.5204121,0.0
-0.34062365,-0.32745463,-0.5716948,-0.04367101,-0.44315454,-0.40895095,-0.22456521,-0.49588943,-0.27571598,-0.43733802,-0.35052767,-0.5974366,-0.38647816,-0.21120392,-0.19071198,-0.28626513,-0.31360927,-0.3521095,-1.0157908,-0.24388187,-0.62410337,-0.18474086,-0.34172887,-0.23037443,-0.24611947,-0.30213955,-0.28321254,-0.3270882,-0.2792498,-0.24630842,-0.27207795,-0.1238764,-0.087862365,-0.18099755,-0.25186518,-0.17578046,-0.32699144,-0.045241617,-0.19129793,-0.2603717,-0.1824191,-0.29034895,-0.2556933,-0.17264144,-0.29677197,-0.08858087,-0.09507754,-0.14082395,-0.2082815,-0.5045797,-0.14877124,-0.31075013,-0.28358424,-0.22014111,-0.08968128,-0.32640657,-0.5197887,0.0
-0.37634873,-0.24802639,-0.5160102,-0.04367101,-0.42522734,-0.34574017,-0.15177245,-0.33689997,-0.2593428,-0.3868365,-0.24794184,-0.6717568,-0.32379216,-0.08458291,-0.15477572,-0.31727985,-0.40852064,-0.32017702,-0.66017455,-0.23331593,-0.00832762,-0.05058213,-0.27843234,-0.1785641,3.006987,3.2783558,-0.03968253,0.5296636,0.5304944,0.62708324,0.87702644,1.1242658,-0.1752875,1.0909889,0.52803266,0.8928248,1.5724214,-0.062146224,1.1215018,0.9342961,-0.047162633,-0.17777912,1.8196807,-0.116961464,0.13002513,-0.17497085,-0.09393687,-0.099930614,-0.17456554,-0.07768151,0.2760875,-0.1683183,-0.34895298,3.284338,-0.108012244,-0.13102895,-0.0072024246,0.0
-0.31876245,-0.1515679,-0.5211122,-0.04367101,0.52177864,-0.26302156,-0.29244635,-0.37243724,-0.3087138,2.712563,-0.31285623,0.1874844,-0.21657161,-0.13533016,-0.18147862,0.13480562,-0.3132617,-0.28134263,0.8235065,-0.06905328,0.80736184,-0.09384083,-0.26060614,-0.1739051,-0.38694644,-0.43179807,-0.2536569,-0.05885543,-0.25352547,-0.23003516,-0.1918678,-0.049042933,-0.104246445,-0.0577919,-0.2163705,-0.18663442,-0.27659416,-0.012730394,-0.13894285,-0.14144179,-0.17844267,0.33910462,-0.11250696,-0.0942971,-0.15808226,-0.12032682,0.035093013,-0.023768904,0.49871266,1.2659849,1.1033208,-0.06049473,-0.3072354,-0.113061,0.12847064,0.06757213,0.48176086,1.0
2.9355912,-0.19437763,0.8287556,-0.04367101,1.2353216,-0.2761801,1.4744545,-0.27173012,-0.26216215,0.71034086,-0.32059288,0.21763095,-0.34521148,-0.20444156,1.2285131,0.5550352,-0.25760257,-0.36883694,2.333644,-0.0942624,0.579419,-0.032452866,0.7631864,0.46840245,-0.33867022,-0.25050783,-0.3929335,-0.20825839,-0.048646126,-0.11022877,-0.13307464,-0.108444996,-0.17619367,-0.24827538,-0.25281036,-0.30026168,-0.26933488,-0.04914459,-0.24944937,-0.2364549,-0.06824125,-0.26709148,-0.14682843,-0.08857968,-0.108179495,-0.12426277,-0.024417443,-0.10157068,-0.098819785,-0.39791062,-0.21387908,0.2791062,-0.08778618,-0.17523992,-0.14652528,-0.32957447,-0.22097917,1.0
-0.3369478,-0.09531787,2.6488354,-0.04367101,-0.406147,-0.32766625,3.4198933,-0.16741963,-0.26003513,-0.40356785,-0.29091427,-0.67381084,-0.31562066,-0.23144901,-0.19974126,1.6260769,-0.24220195,-0.23734854,-0.9786091,-0.123526834,-0.7239695,-0.03490503,-0.33010134,-0.14829028,-0.33527428,-0.364863,-0.17241724,-0.2406443,-0.103607126,-0.13087624,-0.21249008,-0.092109956,-0.19861239,-0.17510577,-0.232314,-0.29059228,-0.36308923,0.028805159,-0.2021562,-0.1232796,-0.057428923,-0.33558488,-0.18438923,-0.1289538,1.2175597,-0.20332706,-0.041609067,-0.14168929,-0.22196019,0.4154159,-0.15941799,0.58949375,-0.31455064,-0.21474053,-0.1669501,-0.2726207,-0.52977717,1.0
-0.31492436,-0.24515045,2.9984386,-0.04367101,-0.4657129,1.7908458,-0.34055376,1.7159714,-0.31269553,-0.3461074,-0.26368186,-0.5872314,-0.24739681,-0.21635717,-0.20106348,-0.21351983,-0.21657796,-0.35114446,-1.0096323,-0.09454028,-0.74311596,-0.036013063,1.5504636,-0.27410093,-0.36360216,-0.23718324,-0.25454476,-0.06391022,-0.16084991,-0.116803795,-0.19136168,-0.13082494,-0.23472713,-0.23113814,-0.21324171,-0.257461,-0.3295401,-0.10115074,-0.13283679,2.9269474,-0.07396299,-0.22989038,-0.24672587,-0.18600005,-0.39370817,-0.21118,-0.015671209,-0.019576859,-0.12208149,-0.49765676,-0.11334554,-0.32023618,-0.30441868,-0.076010585,-0.14264007,-0.13203502,-0.100752264,1.0
3.4863334,-0.20031185,1.1651465,-0.04367101,-0.5418431,-0.3288304,0.5866919,-0.3264572,-0.3810485,0.26695916,-0.31251302,-0.2752416,-0.28301233,-0.2018309,-0.2253832,1.7828804,0.51712906,-0.3476304,0.5868637,-0.09710828,-0.30232492,-0.07392925,0.94972944,1.5749662,-0.4078296,-0.2568582,-0.17627957,-0.3464899,-0.08506576,-0.28196678,-0.19932015,-0.08926332,-0.10143199,-0.20152281,-0.12073568,-0.2292802,-0.34427938,-0.0035953876,-0.3041618,-0.15542273,-0.16750902,-0.12399731,-0.19608091,-0.06646526,-0.36805546,-0.13612723,-0.058674246,-0.00916579,-0.05431613,0.17751141,-0.08352341,0.6981411,18.827538,-0.17956257,-0.051435847,0.18045022,0.05534698,1.0
0.032171037,-0.11945977,0.78140044,-0.04367101,-0.14566591,0.050597087,0.031501405,1.6312331,0.036322795,0.023314776,1.1840069,0.6724351,-0.29364932,-0.09892902,-0.18550245,-0.11381335,2.2300086,0.15936483,0.4298777,1.4866815,1.5925215,-0.0747488,-0.27914593,0.1968433,-0.39350915,-0.17696689,-0.20566326,-0.21995991,-0.22511919,-0.17181468,-0.20521666,-0.1561046,-0.11493333,-0.19639653,-0.31030837,-0.17932115,-0.18071243,-0.010581496,0.16375735,0.007820198,0.008290087,-0.308582,-0.19030038,-0.13176571,-0.29167762,-0.32719842,-0.10666509,-0.15442416,-0.1712572,0.11640538,-0.20264828,0.51587594,0.0036902805,-0.19784348,0.10888701,0.15784883,1.1135874,1.0
-0.4034349,-0.20749396,-0.6059232,-0.04367101,-0.41649637,-0.35581133,-0.32733104,-0.23256564,-0.4470896,-0.38012922,-0.24296305,-0.53422266,-0.24201696,-0.18120293,-0.27369317,-0.35890627,-0.28447142,-0.29773134,-0.882697,-0.10460044,-0.72635293,-0.05819062,-0.25739476,-0.18912089,-0.3567905,-0.3308967,5.892564,-0.15778774,-0.17871912,-0.34301087,-0.15161185,-0.10420257,-0.07983736,-0.12109066,-0.1786699,-0.18540409,-0.37866193,-0.07490606,-0.14888938,-0.15312007,-0.099664025,-0.23716062,-0.18217814,-0.12901588,-0.35586536,-0.21701446,-0.06972665,-0.17150268,-0.077631645,-0.60841155,-0.14138988,-0.2930189,-0.24899676,-0.1180643,-0.11024201,-0.21838225,-0.50085956,0.0
-0.31522337,-0.2345654,0.19436024,-0.04367101,0.8184716,-0.3525372,0.36042222,-0.19220814,2.6106036,-0.48000652,-0.32788417,1.0623679,-0.18921909,-0.094230354,-0.12598068,-0.21034169,-0.37211943,0.2302264,2.0482771,-0.21287227,0.49531177,-0.09380801,-0.25562796,0.42643753,-0.39641234,-0.30896962,-0.26383772,-0.28181887,-0.2060671,-0.11729503,-0.1525874,-0.17482431,-0.2586676,-0.20685805,-0.22851881,-0.10551312,-0.35646182,-0.021811685,-0.15255912,-0.27229002,-0.085168675,-0.15255573,-0.21884269,-0.29186147,-0.3513388,-0.11701274,-0.12752469,-0.011153445,-0.22605516,-0.42173952,-0.1613181,-0.25688633,-0.02808866,-0.14886142,-0.0352943,-0.10797848,-0.16160844,1.0
1.8097678,-0.17527263,-0.50023144,-0.04367101,-0.5223077,-0.4102268,-0.20878688,-0.2963818,-0.346994,-0.45095026,-0.26447144,-0.5830205,-0.3659186,-0.22310585,-0.0558616,-0.18669209,-0.29542813,-0.35235623,-0.901573,-0.0524772,-0.7530099,-0.17658529,2.009932,-0.09382741,-0.32934558,-0.26634356,-0.3351603,-0.25204816,-0.12017778,-0.13802652,-0.153983,-0.15319219,-0.19844037,-0.119430766,-0.16495311,-0.27722347,1.2765408,-0.07201003,-0.20461215,-0.21184796,-0.16873562,-0.051617656,-0.19476327,-0.16966006,0.20974399,-0.30861655,-0.113548346,-0.1751172,0.31977576,1.6517326,0.010312839,-0.2551584,-0.25965482,0.011852999,-0.086908646,-0.22502805,-0.4102412,0.0
-0.3308256,-0.20348908,-0.2859242,-0.04367101,-0.5471627,-0.46705458,0.21590388,-0.36068976,-0.3799175,-0.38878658,-0.2459802,-0.4021096,-0.3850697,0.12293112,-0.16576307,-0.20090817,-0.26232556,-0.1590197,-0.73966545,-0.1996691,-0.64756435,-0.07249763,-0.3394665,-0.18528198,-0.4205539,-0.2410196,-0.2541012,-0.062703945,-0.18068244,-0.277673,-0.04441749,-0.06760678,0.12113968,-0.1973327,-0.33029112,-0.11438411,-0.3669894,0.4653761,0.29591236,-0.15529132,-0.036677796,-0.31800926,-0.15200949,-0.19043016,-0.2176376,-0.04390561,0.993516,-0.17460904,-0.20230785,0.08626723,-0.17950891,-0.16308492,-0.24984585,-0.05910612,-0.008668626,-0.11197844,1.4408556,1.0
-0.3292182,-0.27411518,-0.5225364,-0.04367101,-0.61571807,-0.3379876,-0.33051252,-0.276026,-0.22857247,-0.3495351,-0.28800642,-0.5019355,-0.31937006,-0.25787348,-0.1445634,-0.27547538,-0.4184158,-0.2648923,-0.9568683,-0.089008726,-0.60915655,-0.08779748,-0.35261953,-0.22460473,-0.21412222,-0.32387674,-0.17601357,-0.18170127,-0.15047091,-0.25351456,-0.10197356,-0.10200912,-0.115162805,-0.2267201,-0.0953245,-0.20550402,-0.30372417,-0.022933433,-0.16576593,-0.16869855,-0.09734521,-0.11976137,-0.18081303,-0.1769936,-0.33320212,-0.21719226,-0.043498456,-0.098600484,-0.21060984,-0.45269844,-0.18168828,-0.2417874,-0.17031689,-0.14071834,-0.048236772,-0.28803325,-0.6127863,0.0
-0.31935653,-0.08685022,-0.5743716,-0.04367101,-0.4826655,1.846804,1.2261603,-0.22133417,-0.32093808,-0.47691652,2.3693216,-0.6913074,-0.29116717,-0.13254073,-0.12811427,-0.26368332,-0.24493295,1.7776667,0.019032337,-0.2191246,-0.5748106,-0.041560452,-0.22886136,-0.123606324,-0.43810353,-0.38293815,-0.20747551,-0.19670719,-0.122697614,-0.15860826,-0.20417067,-0.0794591,-0.16080217,-0.19874255,-0.37663105,-0.28023583,-0.3357804,-0.11213369,-0.13953754,-0.12278281,-0.05100808,-0.1531333,-0.27084622,-0.17828687,-0.34365657,-0.24038377,-0.0339964,-0.16968068,-0.13245755,-0.090952665,-0.17590442,-0.24933957,-0.18419911,-0.20834205,-0.016416056,-0.23641287,-0.49881262,1.0
-0.29391664,-0.10930657,-0.53796095,-0.04367101,-0.5560106,-0.4483002,-0.26437593,-0.25994518,-0.2509432,-0.3878916,-0.3604423,-0.6390269,-0.24710509,-0.14197327,-0.27191216,-0.2540385,-0.27015686,-0.24967535,-0.9438025,-0.18858808,-0.58234906,-0.05480225,-0.31727356,-0.24017839,-0.31647778,-0.36268482,7.296769,-0.33316237,-0.19584791,-0.113166586,-0.19933057,-0.17342888,-0.15295054,-0.17782718,-0.2425745,-0.27717692,-0.30886313,-0.049353953,-0.13622135,-0.2597289,-0.07478609,-0.16630992,-0.11536216,-0.19020401,-0.21649653,-0.16485365,-0.07992339,-0.10302115,-0.054588106,-0.46346653,-0.21779281,-0.30424646,-0.27634978,-0.060747568,-0.0021342037,-0.17819546,-0.51400506,0.0
-0.29971987,-0.11227391,-0.5779198,-0.04367101,-0.45578495,-0.4407184,-0.22421789,-0.30075055,-0.1973124,-0.47774282,-0.19773519,-0.48221824,-0.29499504,-0.20475885,-0.062808216,1.4059571,-0.38576338,-0.35522676,-0.89814353,-0.14258298,-0.71052784,-0.05149262,-0.2566009,-0.3137722,-0.29204196,-0.30622032,-0.12846036,2.0650685,-0.2712949,-0.1923746,-0.20623338,-0.21826804,-0.14389774,-0.08314873,-0.12949225,-0.32150766,-0.37836167,0.07918079,-0.2045706,-0.28225166,-0.21222009,-0.13322198,-0.288511,-0.06882785,-0.31810042,-0.2875895,-0.11950091,-0.05289125,-0.17900881,0.42662182,1.9683743,-0.34484094,-0.3107174,-0.15485631,-0.09246362,-0.054095507,-0.47858864,0.0
-0.26215848,-0.21480587,1.1616132,-0.04367101,0.91780007,0.32019895,0.10658997,-0.3194111,-0.3278316,2.2316718,-0.41186482,-0.7263965,-0.21365726,-0.19009523,4.210162,-0.33808687,0.17659003,-0.3311351,-0.71079814,0.18664171,0.7544932,7.4324703,3.6573403,-0.18692988,-0.43692857,-0.27169695,-0.13185135,-0.246987,-0.2021724,-0.16524702,-0.14600356,-0.2341089,-0.12336383,-0.07428992,-0.08294833,-0.23217884,-0.26391044,-0.092614554,-0.23949811,-0.14001365,-0.0682185,-0.27514115,-0.24322616,-0.12859784,-0.25843206,-0.11896817,-0.10353243,-0.09252092,-0.18720053,-0.47135827,-0.19686396,0.19874491,0.7049014,3.006562,0.071215995,0.0038514829,1.2017921,1.0
0.49455822,-0.17767274,-0.13308516,-0.04367101,-0.4374532,-0.30284005,-0.32598698,-0.400043,-0.26967734,-0.34601814,-0.3812962,1.2876625,0.6459365,-0.27983713,-0.27061215,-0.22931893,0.33278555,-0.36899358,1.861528,-0.09648868,-0.016989604,0.15523751,0.51839596,-0.22220294,-0.30790713,-0.37719807,-0.33766022,-0.0948616,-0.21771522,-0.20005591,-0.15119958,-0.10755663,-0.095997795,-0.07920084,-0.25199658,-0.14656161,-0.35423884,-0.13298343,0.66892934,-0.24700046,-0.0970391,-0.08345546,-0.18033311,-0.12564155,-0.31790313,-0.21680872,-0.081029385,-0.028168742,-0.1161834,-0.41972423,-0.10187937,0.72579855,-0.049133804,0.04648969,0.03594582,-0.030881014,0.166328,1.0
-0.31591582,-0.059546676,-0.42626908,-0.04367101,-0.5026965,-0.30562788,-0.19507557,-0.31205946,-0.3685117,2.675252,-0.35205707,-0.66357,-0.20562616,-0.120270304,-0.110367596,-0.3599454,-0.25472826,-0.33334556,-1.0190428,-0.10383848,-0.73045903,-0.1338962,-0.38337597,-0.2634922,0.62215304,1.5377655,-0.1550251,5.5548124,-0.18606612,-0.12997192,-0.013962977,-0.18640438,-0.10514329,-0.17859867,-0.08530745,-0.19312088,-0.1484613,-0.09004679,-0.23857003,-0.25906828,-0.039640028,-0.24603553,-0.27460828,0.029232519,-0.36011744,-0.19684912,-0.13937895,-0.011739048,-0.1669554,1.4263948,-0.17389579,0.080576874,-0.15028238,-0.17559275,-0.16416302,-0.21849187,-0.40279904,0.0
-0.102271914,-0.24733949,-0.48901019,-0.04367101,-0.45670703,-0.10830541,-0.216193,0.5598042,-0.27638718,-0.43354854,-0.24985512,0.17485276,-0.040034298,-0.17075828,-0.1926411,-0.23821634,0.48074862,-0.37202162,-0.7542315,-0.25553384,-0.62726754,-0.056791186,-0.26545882,-0.17170432,1.1938261,-0.26157027,-0.1881736,-0.31633833,-0.09320053,-0.31050384,-0.049528725,-0.23276684,0.49257392,-0.21761052,-0.21133082,-0.1690703,-0.063131675,-0.0111698015,-0.16169329,1.0580176,-0.10053662,0.0423656,-0.38234055,-0.12959854,-0.17619032,-0.1858732,-0.12717415,-0.09886372,-0.082845934,-0.053193532,-0.086316295,-0.2737273,0.1555566,-0.05167352,-0.07255058,-0.10355898,0.557879,0.0
-0.44783828,-0.15376818,7.282407,-0.04367101,-0.49382907,-0.35407466,-0.32771084,-0.24075978,-0.18114972,-0.23009662,-0.24971361,-0.6251018,-0.34971875,-0.22218744,-0.10357497,-0.3250996,-0.39015558,-0.45818788,1.406392,-0.10133758,-0.6382593,-0.13813989,-0.22386055,-0.19961837,-0.23514849,-0.28308645,-0.18739973,-0.25841993,-0.15024038,-0.34387958,-0.18791997,-0.11200288,-0.14460115,-0.07549324,-0.21086441,-0.30917338,-0.30507937,-0.12925966,-0.2847486,-0.049764045,-0.1581958,-0.2269183,-0.2975015,-0.04062568,-0.1894395,-0.14962348,-0.069821835,-0.046549045,-0.24700388,-0.38704652,-0.058732215,-0.3126444,-0.26242796,-0.18812041,-0.07617819,-0.1424985,-0.4922425,0.0
-0.3105255,-0.26411778,0.917764,-0.04367101,-0.53961724,-0.32727867,-0.22536862,-0.28112936,-0.38804433,-0.48042753,-0.25457492,0.38153073,-0.20612006,-0.21061632,-0.14767969,-0.35617718,-0.34204018,-0.24095978,0.010142378,0.026046839,-0.7467549,-0.1463379,-0.2663443,-0.18139617,-0.27799425,-0.15734024,-0.09053789,-0.24771954,-0.10379561,-0.13452864,-0.07995378,-0.17224947,-0.12561366,-0.0602532,-0.22629988,-0.24232815,-0.26409253,-0.000402426,-0.26445714,-0.26269987,-0.019991037,-0.12870385,-0.16784085,-0.18019548,-0.3271637,-0.24203478,-0.12579378,2.8637586,0.35152465,-0.4388352,-0.13260004,0.47530785,-0.22900823,-0.07790155,-0.19937736,-0.18531728,-0.5845164,0.0
0.02980009,-0.2583714,-0.19955263,-0.04367101,-0.4380037,-0.3145165,-0.074813776,-0.38528866,-0.34418467,-0.44616717,0.4104026,-0.26606992,-0.30089605,-0.10998193,-0.21982953,-0.34543744,-0.12939082,-0.33709818,0.11177844,-0.11346475,-0.22091296,-0.16291796,-0.31658834,-0.11381454,-0.29351068,-0.37227827,-0.21167788,-0.2570523,-0.17957623,-0.19774778,-0.12893508,-0.20505711,-0.24332435,-0.21553344,-0.2564904,-0.28793013,-0.08492446,-0.042201903,-0.2257587,-0.16726114,-0.14187402,0.113289714,-0.14445311,-0.12916102,-0.2899362,0.49897844,0.014998175,-0.09500868,-0.040117294,-0.21921833,-0.14376993,-0.20771068,-0.29762828,0.006590569,-0.096535765,0.15156688,0.35197663,0.0
