dataset,m,seed,N,d,K,source_rows,source_class_counts,context_class_counts,initial_class_counts,dependency_deviation,before_compile_kl,before_compile_js,before_compile_agreement,before_compile_accuracy,before_compile_log_loss,before_compile_roc_auc,before_validation_kl,before_validation_js,before_validation_agreement,before_validation_accuracy,before_validation_log_loss,before_validation_roc_auc,before_test_kl,before_test_js,before_test_agreement,before_test_accuracy,before_test_log_loss,before_test_roc_auc,before_G_val,before_G_test,before_latency_seconds,after_compile_kl,after_compile_js,after_compile_agreement,after_compile_accuracy,after_compile_log_loss,after_compile_roc_auc,after_validation_kl,after_validation_js,after_validation_agreement,after_validation_accuracy,after_validation_log_loss,after_validation_roc_auc,after_test_kl,after_test_js,after_test_agreement,after_test_accuracy,after_test_log_loss,after_test_roc_auc,after_G_val,after_G_test,after_latency_seconds,status,delta_kl,relative_improvement,win,validation_delta_kl,best_step,adam_steps,training_seconds,labels_unchanged,final_class_counts,execution_device,device_deviation,reload_verified,artifact,missing_initial_classes,reload_max_prediction_error,reload_max_kl_error
vehicle,8,42,507,18,4,846,"{'bus': 218, 'saab': 217, 'opel': 212, 'van': 199}","[131, 127, 130, 119]","[2, 2, 2, 2]",False,1.0065815448760986,0.28396785259246826,0.45562130212783813,0.44970414201183434,1.260801076889038,0.7341385197489848,1.0383352041244507,0.2933013439178467,0.5647059082984924,0.5529411764705883,1.2259039878845215,0.7603587905150404,1.0036680698394775,0.2838926613330841,0.4470588266849518,0.43529411764705883,1.255192756652832,0.7333743686868688,0.03175365924835205,-0.0029134750366210938,0.09564312500879169,0.841802716255188,0.23754562437534332,0.5207100510597229,0.4970414201183432,1.130743384361267,0.7842515688445921,0.8426639437675476,0.2402537763118744,0.6000000238418579,0.5882352941176471,1.0310654640197754,0.8484985153735154,0.8344743847846985,0.23591579496860504,0.529411792755127,0.5529411764705883,1.0781630277633667,0.8201157696470196,0.0008612275123596191,-0.007328331470489502,0.09413291700184345,complete,0.16919368505477905,0.16857533893833962,True,0.19567126035690308,50,50,9.276995999971405,True,"[2, 2, 2, 2]",mps,False,True,/Users/danielmunch/Projects/tabpfn-compile/artifacts/gate2/vehicle/compiled-8-42-stratified.csv,0,0.0,1.7881393432617188e-07
vehicle,8,43,507,18,4,846,"{'bus': 218, 'saab': 217, 'opel': 212, 'van': 199}","[131, 127, 130, 119]","[2, 2, 2, 2]",False,1.0803881883621216,0.2841852009296417,0.47337278723716736,0.4260355029585799,1.4058276414871216,0.6296650055370985,1.162145972251892,0.30116793513298035,0.5411764979362488,0.5294117647058824,1.3392188549041748,0.6587424901487402,1.2078187465667725,0.3062552511692047,0.42352941632270813,0.4,1.4855297803878784,0.6043538752913753,0.08175778388977051,0.12743055820465088,0.09109387500211596,0.8847867250442505,0.24180573225021362,0.5739644765853882,0.514792899408284,1.2129769325256348,0.7339862495385753,0.9137524962425232,0.24997477233409882,0.5647059082984924,0.5529411764705883,1.078230857849121,0.7932510198135199,0.9990013837814331,0.26324838399887085,0.48235294222831726,0.43529411764705883,1.3058680295944214,0.7027731643356643,0.028965771198272705,0.11421465873718262,0.08925262500997633,complete,0.20881736278533936,0.17288799613261774,True,0.2483934760093689,50,50,9.000649583991617,True,"[2, 2, 2, 2]",mps,False,True,/Users/danielmunch/Projects/tabpfn-compile/artifacts/gate2/vehicle/compiled-8-43-stratified.csv,0,0.0,4.172325134277344e-07
vehicle,8,44,507,18,4,846,"{'bus': 218, 'saab': 217, 'opel': 212, 'van': 199}","[131, 127, 130, 119]","[2, 2, 2, 2]",False,1.0945905447006226,0.30540040135383606,0.40236687660217285,0.39644970414201186,1.3429867029190063,0.6913275193798449,1.1299059391021729,0.3148939311504364,0.47058823704719543,0.4470588235294118,1.3164494037628174,0.7496128524253525,1.0956794023513794,0.30544254183769226,0.43529412150382996,0.4235294117647059,1.3370246887207031,0.6875446255133755,0.03531539440155029,0.001088857650756836,0.1308871249202639,1.0026540756225586,0.28372618556022644,0.5147929191589355,0.48520710059171596,1.2556061744689941,0.7739456441491325,1.0375818014144897,0.2931915521621704,0.5764706134796143,0.5529411764705883,1.2225583791732788,0.8337415015540015,1.0208982229232788,0.2880764603614807,0.529411792755127,0.5058823529411764,1.2657980918884277,0.7798313318625818,0.03492772579193115,0.018244147300720215,0.1265637920005247,complete,0.07478117942810059,0.06825096763489089,True,0.0923241376876831,50,50,9.858439584029838,True,"[2, 2, 2, 2]",mps,False,True,/Users/danielmunch/Projects/tabpfn-compile/artifacts/gate2/vehicle/compiled-8-44-stratified.csv,0,0.0,1.1920928955078125e-07
vehicle,32,42,507,18,4,846,"{'bus': 218, 'saab': 217, 'opel': 212, 'van': 199}","[131, 127, 130, 119]","[8, 8, 8, 8]",False,0.7197293043136597,0.18948706984519958,0.6213017702102661,0.6153846153846154,0.9573692679405212,0.8590831487633813,0.5466766953468323,0.15091364085674286,0.7647058963775635,0.7764705882352941,0.7085054516792297,0.9239188589188588,0.7327926158905029,0.18851689994335175,0.6470588445663452,0.6352941176470588,1.0155324935913086,0.842194610944611,-0.1730526089668274,0.013063311576843262,0.09956208302173764,0.07683706283569336,0.021346542984247208,0.88165682554245,0.8106508875739645,0.3952493667602539,0.9504083610188261,0.11464782059192657,0.032292842864990234,0.9058823585510254,0.9176470588235294,0.25279152393341064,0.9849943806193806,0.1754235029220581,0.04470665007829666,0.8117647171020508,0.7294117647058823,0.4508708417415619,0.9398485368797869,0.037810757756233215,0.09858644008636475,0.09738966694567353,complete,0.5573691129684448,0.7606096198050791,True,0.4320288747549057,40,50,9.559614166035317,True,"[8, 8, 8, 8]",mps,False,True,/Users/danielmunch/Projects/tabpfn-compile/artifacts/gate2/vehicle/compiled-32-42-stratified.csv,0,0.0,3.501772880554199e-07
vehicle,32,43,507,18,4,846,"{'bus': 218, 'saab': 217, 'opel': 212, 'van': 199}","[131, 127, 130, 119]","[8, 8, 8, 8]",False,0.5132037997245789,0.13032962381839752,0.692307710647583,0.6982248520710059,0.727311372756958,0.8907876522702104,0.5483354330062866,0.13830186426639557,0.7058823704719543,0.7294117647058823,0.6750242710113525,0.9025052378177378,0.6095119714736938,0.14560049772262573,0.6352941393852234,0.5882352941176471,0.9966498613357544,0.8250583964646464,0.035131633281707764,0.09630817174911499,0.15675516601186246,0.07594446837902069,0.020430613309144974,0.9053254723548889,0.8106508875739645,0.3517741560935974,0.9596137873754154,0.15417170524597168,0.042415447533130646,0.8941176533699036,0.8705882352941177,0.2827318608760834,0.9765568632756133,0.1697121411561966,0.04249347746372223,0.7764706015586853,0.7529411764705882,0.4798017740249634,0.9255292797480298,0.07822723686695099,0.0937676727771759,0.11127870890777558,complete,0.43979983031749725,0.7215606106212119,True,0.39416372776031494,40,50,11.054399750079028,True,"[8, 8, 8, 8]",mps,False,True,/Users/danielmunch/Projects/tabpfn-compile/artifacts/gate2/vehicle/compiled-32-43-stratified.csv,0,0.0,5.513429641723633e-07
vehicle,32,44,507,18,4,846,"{'bus': 218, 'saab': 217, 'opel': 212, 'van': 199}","[131, 127, 130, 119]","[8, 8, 8, 8]",False,0.5184457898139954,0.14925126731395721,0.6982248425483704,0.6863905325443787,0.7788957953453064,0.8961378737541528,0.5483130812644958,0.15813522040843964,0.7058823704719543,0.7058823529411765,0.7306308150291443,0.8998818889443889,0.5478897094726562,0.15596048533916473,0.6823529601097107,0.6588235294117647,0.812354326248169,0.8775451458263959,0.02986729145050049,0.02944391965866089,0.10611387493554503,0.04646803438663483,0.012432366609573364,0.9289940595626831,0.8461538461538461,0.3584989607334137,0.963406699889258,0.11603996157646179,0.03048025816679001,0.8823529481887817,0.8823529411764706,0.2371138334274292,0.9856989711677211,0.15433114767074585,0.040521152317523956,0.8588235378265381,0.8235294117647058,0.4534316062927246,0.9486020750083249,0.06957192718982697,0.10786311328411102,0.09683950000908226,complete,0.3935585618019104,0.7183171265996408,True,0.43227311968803406,50,50,11.193395416950807,True,"[8, 8, 8, 8]",mps,False,True,/Users/danielmunch/Projects/tabpfn-compile/artifacts/gate2/vehicle/compiled-32-44-stratified.csv,0,0.0,2.086162567138672e-07
vehicle,128,42,507,18,4,846,"{'bus': 218, 'saab': 217, 'opel': 212, 'van': 199}","[131, 127, 130, 119]","[33, 32, 33, 30]",False,0.10308419167995453,0.028898730874061584,0.857988178730011,0.7988165680473372,0.38609033823013306,0.9487380029531192,0.11332973837852478,0.03148050606250763,0.9176470637321472,0.8941176470588236,0.266909122467041,0.9809077554390054,0.1286221146583557,0.03381432592868805,0.8470588326454163,0.8588235294117647,0.3614346981048584,0.9632777639027639,0.010245546698570251,0.025537922978401184,0.13922050001565367,0.007896319963037968,0.00206318823620677,0.9644970297813416,0.8816568047337278,0.28186559677124023,0.979125138427464,0.07385599613189697,0.018557127565145493,0.929411768913269,0.9294117647058824,0.1910373419523239,0.9884898088023089,0.054473746567964554,0.014467716217041016,0.9058823585510254,0.8235294117647058,0.32885268330574036,0.9652996656121656,0.065959676168859,0.046577426604926586,0.14071883296128362,complete,0.07414836809039116,0.576482265801204,True,0.03947374224662781,50,50,11.86542683292646,True,"[33, 32, 33, 30]",mps,False,True,/Users/danielmunch/Projects/tabpfn-compile/artifacts/gate2/vehicle/compiled-128-42-stratified.csv,0,0.0,2.60770320892334e-07
vehicle,128,43,507,18,4,846,"{'bus': 218, 'saab': 217, 'opel': 212, 'van': 199}","[131, 127, 130, 119]","[33, 32, 33, 30]",False,0.11032424867153168,0.031311601400375366,0.8402366638183594,0.7928994082840237,0.37295952439308167,0.9463639719453673,0.13039188086986542,0.03610880672931671,0.8823529481887817,0.9058823529411765,0.26722702383995056,0.9811169733044733,0.14038214087486267,0.037927158176898956,0.7411764860153198,0.7176470588235294,0.4419339895248413,0.9109364593739594,0.02006763219833374,0.030057892203330994,0.13110266695730388,0.0068290685303509235,0.0017749430844560266,0.9822485446929932,0.8757396449704142,0.2659735083580017,0.9766449796973052,0.05503736436367035,0.010330688208341599,0.9529411792755127,0.9294117647058824,0.1425824612379074,0.9937714195526696,0.07240961492061615,0.0167288426309824,0.8941176533699036,0.788235294117647,0.45096251368522644,0.9446841873404374,0.048208295833319426,0.06558054639026523,0.13631479197647423,complete,0.06797252595424652,0.48419639087024297,True,0.07535451650619507,40,50,10.429969165939838,True,"[33, 32, 33, 30]",mps,False,True,/Users/danielmunch/Projects/tabpfn-compile/artifacts/gate2/vehicle/compiled-128-43-stratified.csv,0,0.0,5.401670932769775e-07
vehicle,128,44,507,18,4,846,"{'bus': 218, 'saab': 217, 'opel': 212, 'van': 199}","[131, 127, 130, 119]","[33, 32, 33, 30]",False,0.13643108308315277,0.03750181570649147,0.8520709872245789,0.7928994082840237,0.4217563569545746,0.941202934662237,0.20415154099464417,0.053653717041015625,0.8588235378265381,0.8588235294117647,0.38141703605651855,0.9593860826673326,0.22203566133975983,0.048875242471694946,0.7764706015586853,0.8117647058823529,0.41513991355895996,0.9553061174936175,0.0677204579114914,0.08560457825660706,0.1967113339342177,0.0072176153771579266,0.0017733554122969508,0.9704142212867737,0.8757396449704142,0.28396669030189514,0.9755283314876337,0.0629737377166748,0.014969618991017342,0.9647058844566345,0.9411764705882353,0.1417342871427536,0.9954117063492064,0.044662270694971085,0.011722637340426445,0.9058823585510254,0.8235294117647058,0.3290586471557617,0.9633042651792652,0.05575612233951688,0.03744465531781316,0.13508054101839662,complete,0.17737339064478874,0.798850912391822,True,0.14117780327796936,50,50,11.57203625002876,True,"[33, 32, 33, 30]",mps,False,True,/Users/danielmunch/Projects/tabpfn-compile/artifacts/gate2/vehicle/compiled-128-44-stratified.csv,0,0.0,2.5331974029541016e-07
blood-transfusion-service-center,8,42,448,4,2,748,"{'1': 570, '2': 178}","[341, 107]","[6, 2]",False,0.06580419093370438,0.01758616976439953,0.8866666555404663,0.7733333333333333,0.5595898628234863,0.6624025341130604,0.07225831598043442,0.01971472054719925,0.9333333373069763,0.7733333333333333,0.5326706171035767,0.7190669371196755,0.07143926620483398,0.019604913890361786,0.9200000166893005,0.7866666666666666,0.5080249905586243,0.736842105263158,0.0064541250467300415,0.005635075271129608,0.091721500037238,0.023671932518482208,0.006386542692780495,0.9333333373069763,0.78,0.5116273164749146,0.6991959064327485,0.027670199051499367,0.0075579541735351086,0.9466666579246521,0.76,0.4415389597415924,0.8985801217038539,0.025387564674019814,0.007048982661217451,0.9466666579246521,0.7866666666666666,0.47742563486099243,0.7748538011695907,0.0039982665330171585,0.0017156321555376053,0.09023429197259247,complete,0.04605170153081417,0.6446273034044414,True,0.04458811692893505,50,50,10.298899458022788,True,"[6, 2]",mps,False,True,/Users/danielmunch/Projects/tabpfn-compile/artifacts/gate2/blood-transfusion-service-center/compiled-8-42-stratified.csv,0,7.152557373046875e-07,3.725290298461914e-08
blood-transfusion-service-center,8,43,448,4,2,748,"{'1': 570, '2': 178}","[341, 107]","[6, 2]",False,0.06118258088827133,0.016094870865345,0.8799999952316284,0.7666666666666667,0.5435338616371155,0.6189083820662769,0.06784868985414505,0.018345173448324203,0.9066666960716248,0.7733333333333333,0.4963759779930115,0.68052738336714,0.07567533105611801,0.020082172006368637,0.8666666746139526,0.76,0.5263090133666992,0.672514619883041,0.006666108965873718,0.01449275016784668,0.09151175001170486,0.024935739114880562,0.006866117939352989,0.9399999976158142,0.7733333333333333,0.5129472017288208,0.6828703703703703,0.025392374023795128,0.0071363383904099464,0.9333333373069763,0.7733333333333333,0.418319433927536,0.8772819472616633,0.0299074687063694,0.00825375597923994,0.9466666579246521,0.7866666666666666,0.4661911427974701,0.7836257309941522,0.00045663490891456604,0.004971729591488838,0.0929215420037508,complete,0.04576786234974861,0.6047923637864083,True,0.04245631583034992,30,50,8.88139570900239,True,"[6, 2]",mps,False,True,/Users/danielmunch/Projects/tabpfn-compile/artifacts/gate2/blood-transfusion-service-center/compiled-8-43-stratified.csv,0,1.1324882507324219e-06,3.3527612686157227e-08
blood-transfusion-service-center,8,44,448,4,2,748,"{'1': 570, '2': 178}","[341, 107]","[6, 2]",False,0.07124657183885574,0.019158799201250076,0.800000011920929,0.7133333333333334,0.5769525170326233,0.6286549707602338,0.07208392024040222,0.01970278099179268,0.8533333539962769,0.7466666666666667,0.5070284008979797,0.731237322515213,0.06241822615265846,0.017225639894604683,0.9333333373069763,0.8266666666666667,0.4950469434261322,0.780701754385965,0.0008373484015464783,-0.008828345686197281,0.09165966603904963,0.04122549295425415,0.011161651462316513,0.8999999761581421,0.76,0.5454906821250916,0.646807992202729,0.04357586055994034,0.012043352238833904,0.9466666579246521,0.76,0.46326878666877747,0.8265720081135902,0.04751996323466301,0.013030937872827053,0.8799999952316284,0.8,0.4895267188549042,0.7690058479532164,0.0023503676056861877,0.006294470280408859,0.09365695796441287,complete,0.014898262917995453,0.238684497081962,True,0.028508059680461884,50,50,8.955714375013486,True,"[6, 2]",mps,False,True,/Users/danielmunch/Projects/tabpfn-compile/artifacts/gate2/blood-transfusion-service-center/compiled-8-44-stratified.csv,0,5.662441253662109e-07,2.60770320892334e-08
blood-transfusion-service-center,32,42,448,4,2,748,"{'1': 570, '2': 178}","[341, 107]","[24, 8]",False,0.16053111851215363,0.035842981189489365,0.7866666913032532,0.74,0.6066972613334656,0.6526559454191033,0.15363788604736328,0.03248952701687813,0.8266666531562805,0.7733333333333333,0.4965905249118805,0.7505070993914806,0.11665473878383636,0.025280557572841644,0.8933333158493042,0.7866666666666666,0.5852710008621216,0.6773879142300195,-0.006893232464790344,-0.04387637972831726,0.09795595903415233,0.006972859613597393,0.0018158841412514448,0.9466666579246521,0.7666666666666667,0.4938510060310364,0.729044834307992,0.00664256326854229,0.0017158451955765486,0.9200000166893005,0.7866666666666666,0.3862428367137909,0.8995943204868154,0.006974819581955671,0.0018007688922807574,1.0,0.8133333333333334,0.46666890382766724,0.7553606237816765,-0.0003302963450551033,1.9599683582782745e-06,0.10034129209816456,complete,0.1096799192018807,0.9402097192564105,True,0.146995322778821,50,50,10.756345917005092,True,"[24, 8]",mps,False,True,/Users/danielmunch/Projects/tabpfn-compile/artifacts/gate2/blood-transfusion-service-center/compiled-32-42-stratified.csv,0,1.4901161193847656e-06,1.4901161193847656e-08
blood-transfusion-service-center,32,43,448,4,2,748,"{'1': 570, '2': 178}","[341, 107]","[24, 8]",False,0.0631905272603035,0.016626589000225067,0.8799999952316284,0.7533333333333333,0.5543505549430847,0.5790692007797269,0.056803710758686066,0.015418345108628273,0.9066666960716248,0.8,0.4807400405406952,0.7383367139959433,0.08018166571855545,0.021308286115527153,0.8266666531562805,0.72,0.5361379981040955,0.6598440545808967,-0.006386816501617432,0.016991138458251953,0.12162420793902129,0.030838241800665855,0.008330526761710644,0.9200000166893005,0.78,0.520136833190918,0.6743421052631579,0.03682631254196167,0.010235028341412544,0.9466666579246521,0.7866666666666666,0.44779494404792786,0.8387423935091278,0.036630142480134964,0.01000499352812767,0.8933333158493042,0.7333333333333333,0.47506341338157654,0.7719298245614037,0.0059880707412958145,0.005791900679469109,0.0975322499871254,complete,0.043551523238420486,0.5431606196769482,True,0.019977398216724396,50,50,12.617892874986865,True,"[24, 8]",mps,False,True,/Users/danielmunch/Projects/tabpfn-compile/artifacts/gate2/blood-transfusion-service-center/compiled-32-43-stratified.csv,0,7.152557373046875e-07,2.60770320892334e-08
blood-transfusion-service-center,32,44,448,4,2,748,"{'1': 570, '2': 178}","[341, 107]","[24, 8]",False,0.04168710857629776,0.011158553883433342,0.8733333349227905,0.76,0.5384572148323059,0.6120857699805069,0.045926883816719055,0.012605691328644753,0.9066666960716248,0.7733333333333333,0.4890165627002716,0.7728194726166329,0.05281296372413635,0.014184422791004181,0.8666666746139526,0.76,0.49827179312705994,0.7846003898635477,0.004239775240421295,0.011125855147838593,0.09549908305052668,0.011150072328746319,0.0029358668252825737,0.9333333373069763,0.7533333333333333,0.5078487396240234,0.7069931773879142,0.013923561200499535,0.003628818318247795,0.9333333373069763,0.7733333333333333,0.40886926651000977,0.8651115618661258,0.013887632638216019,0.003655890002846718,0.9599999785423279,0.8,0.4703987240791321,0.7660818713450293,0.002773488871753216,0.0027375603094697,0.09902162500657141,complete,0.038925331085920334,0.7370412175549022,True,0.03200332261621952,50,50,10.809262207942083,True,"[24, 8]",mps,False,True,/Users/danielmunch/Projects/tabpfn-compile/artifacts/gate2/blood-transfusion-service-center/compiled-32-44-stratified.csv,0,1.7881393432617188e-06,1.955777406692505e-08
blood-transfusion-service-center,128,42,448,4,2,748,"{'1': 570, '2': 178}","[341, 107]","[97, 31]",False,0.020451148971915245,0.005180852022022009,0.9066666960716248,0.7666666666666667,0.5058205723762512,0.7043128654970761,0.014918405562639236,0.003775177523493767,0.9466666579246521,0.7866666666666666,0.3906231224536896,0.8833671399594321,0.015105185098946095,0.003901618765667081,0.9066666960716248,0.7733333333333333,0.47755488753318787,0.7475633528265108,-0.005532743409276009,-0.0053459638729691505,0.11216762498952448,0.0019973295275121927,0.0005002995021641254,0.9599999785423279,0.7666666666666667,0.4997727572917938,0.7221003898635477,0.0019568041898310184,0.0004943265812471509,0.9866666793823242,0.8,0.3771107792854309,0.896551724137931,0.0030551597010344267,0.0007715660613030195,1.0,0.8133333333333334,0.46599268913269043,0.7514619883040936,-4.052533768117428e-05,0.001057830173522234,0.1104591250186786,complete,0.012050025397911668,0.7977409954911715,True,0.012961601372808218,50,50,10.645751249976456,True,"[97, 31]",mps,False,True,/Users/danielmunch/Projects/tabpfn-compile/artifacts/gate2/blood-transfusion-service-center/compiled-128-42-stratified.csv,0,2.086162567138672e-06,8.381903171539307e-09
blood-transfusion-service-center,128,43,448,4,2,748,"{'1': 570, '2': 178}","[341, 107]","[97, 31]",False,0.02316371724009514,0.005910385865718126,0.9066666960716248,0.7666666666666667,0.5258477926254272,0.6226851851851852,0.02124333754181862,0.005615810863673687,0.9466666579246521,0.7866666666666666,0.42737242579460144,0.8316430020283976,0.022246118634939194,0.005915437359362841,0.8933333158493042,0.7866666666666666,0.4928491711616516,0.7017543859649122,-0.0019203796982765198,-0.0009175986051559448,0.22209283290430903,0.005764266010373831,0.0014822841621935368,0.9333333373069763,0.7933333333333333,0.4857081174850464,0.7298976608187134,0.00929972156882286,0.002406354993581772,0.9733333587646484,0.8133333333333334,0.38137203454971313,0.896551724137931,0.008510218933224678,0.002201434690505266,1.0,0.8133333333333334,0.47386351227760315,0.753411306042885,0.00353545555844903,0.0027459529228508472,0.11058208299800754,complete,0.013735899701714516,0.6174515171442653,True,0.011943615972995758,50,50,12.133492375025526,True,"[97, 31]",mps,False,True,/Users/danielmunch/Projects/tabpfn-compile/artifacts/gate2/blood-transfusion-service-center/compiled-128-43-stratified.csv,0,2.8014183044433594e-06,4.842877388000488e-08
blood-transfusion-service-center,128,44,448,4,2,748,"{'1': 570, '2': 178}","[341, 107]","[97, 31]",False,0.023642823100090027,0.005587391555309296,0.9066666960716248,0.7533333333333333,0.5587912201881409,0.6337719298245613,0.025626838207244873,0.006205735728144646,0.9200000166893005,0.7866666666666666,0.41613519191741943,0.8306288032454361,0.022351302206516266,0.005424362141638994,0.9466666579246521,0.8133333333333334,0.4630564749240875,0.7641325536062379,0.001984015107154846,-0.001291520893573761,0.1127458339324221,0.0017623454332351685,0.000441767304437235,0.9666666388511658,0.7866666666666666,0.506838858127594,0.7296539961013645,0.003966411110013723,0.0009883211459964514,0.9599999785423279,0.7733333333333333,0.38909614086151123,0.8995943204868154,0.003046057652682066,0.0007665985031053424,1.0,0.8133333333333334,0.47336551547050476,0.7504873294346979,0.002204065676778555,0.0012837122194468975,0.12089545896742493,complete,0.0193052445538342,0.8637190073071437,True,0.02166042709723115,50,50,11.133261041948572,True,"[97, 31]",mps,False,True,/Users/danielmunch/Projects/tabpfn-compile/artifacts/gate2/blood-transfusion-service-center/compiled-128-44-stratified.csv,0,2.562999725341797e-06,2.1420419216156006e-08
diabetes,8,42,460,8,2,768,"{'tested_negative': 500, 'tested_positive': 268}","[299, 161]","[5, 3]",False,0.11978235095739365,0.033631786704063416,0.8181818127632141,0.6883116883116883,0.5808289051055908,0.7625925925925926,0.09324556589126587,0.02581683360040188,0.8051947951316833,0.7012987012987013,0.5900826454162598,0.7262443438914027,0.10557214170694351,0.029223553836345673,0.8961039185523987,0.6493506493506493,0.580578088760376,0.8088888888888889,-0.026536785066127777,-0.014210209250450134,0.09721237502526492,0.034941501915454865,0.009139778092503548,0.8896104097366333,0.7597402597402597,0.49040934443473816,0.8300000000000001,0.033588673919439316,0.008532823994755745,0.8701298832893372,0.6883116883116883,0.5614845156669617,0.753393665158371,0.03358960896730423,0.0086776502430439,0.9220778942108154,0.7792207792207793,0.509243369102478,0.814074074074074,-0.0013528279960155487,-0.0013518929481506348,0.09259999997448176,complete,0.07198253273963928,0.68183264614878,True,0.05965689197182655,50,50,11.214826666982844,True,"[5, 3]",mps,False,True,/Users/danielmunch/Projects/tabpfn-compile/artifacts/gate2/diabetes/compiled-8-42-stratified.csv,0,1.1324882507324219e-06,4.0978193283081055e-08
diabetes,8,43,460,8,2,768,"{'tested_negative': 500, 'tested_positive': 268}","[299, 161]","[5, 3]",False,0.18726378679275513,0.05239959806203842,0.6818181872367859,0.6558441558441559,0.6357580423355103,0.6301851851851852,0.1671990007162094,0.0458955280482769,0.6883116960525513,0.6623376623376623,0.6371534466743469,0.5950226244343891,0.1678406149148941,0.04660417139530182,0.8051947951316833,0.6883116883116883,0.6371363401412964,0.6533333333333332,-0.020064786076545715,-0.019423171877861023,0.09106283308938146,0.10084295272827148,0.02688220515847206,0.7532467246055603,0.7012987012987013,0.5392460823059082,0.7777777777777778,0.10840616375207901,0.028252849355340004,0.6883116960525513,0.6363636363636364,0.5645993947982788,0.7239819004524888,0.08898323029279709,0.02378802001476288,0.8311688303947449,0.7402597402597403,0.5424185991287231,0.7948148148148149,0.007563211023807526,-0.011859722435474396,0.09183816600125283,complete,0.07885738462209702,0.46983493632981943,True,0.0587928369641304,50,50,9.420458041015081,True,"[5, 3]",mps,False,True,/Users/danielmunch/Projects/tabpfn-compile/artifacts/gate2/diabetes/compiled-8-43-stratified.csv,0,7.152557373046875e-07,4.470348358154297e-08
diabetes,8,44,460,8,2,768,"{'tested_negative': 500, 'tested_positive': 268}","[299, 161]","[5, 3]",False,0.11721762269735336,0.031912900507450104,0.8051947951316833,0.6883116883116883,0.5760354399681091,0.7322222222222222,0.09038444608449936,0.023840777575969696,0.7922077775001526,0.5844155844155844,0.6607427000999451,0.6357466063348416,0.10133679956197739,0.027034815400838852,0.7922077775001526,0.6233766233766234,0.5850893259048462,0.7111111111111111,-0.026833176612854004,-0.015880823135375977,0.09259779204148799,0.04474521055817604,0.01177813857793808,0.8831169009208679,0.7662337662337663,0.49318110942840576,0.8194444444444444,0.04924969747662544,0.012597469612956047,0.8701298832893372,0.6883116883116883,0.6099982261657715,0.7043740573152338,0.041426438838243484,0.010966836474835873,0.9350649118423462,0.7662337662337663,0.5298795104026794,0.7829629629629631,0.004504486918449402,-0.003318771719932556,0.09228308300953358,complete,0.0599103607237339,0.5912004423140761,True,0.04113474860787392,50,50,8.991851249942556,True,"[5, 3]",mps,False,True,/Users/danielmunch/Projects/tabpfn-compile/artifacts/gate2/diabetes/compiled-8-44-stratified.csv,0,1.3709068298339844e-06,1.2665987014770508e-07
diabetes,32,42,460,8,2,768,"{'tested_negative': 500, 'tested_positive': 268}","[299, 161]","[21, 11]",False,0.07196737825870514,0.01886693760752678,0.8311688303947449,0.7142857142857143,0.5299854874610901,0.7831481481481481,0.06836794316768646,0.01765061728656292,0.7922077775001526,0.6363636363636364,0.6079702377319336,0.7096530920060332,0.07039313018321991,0.01831291988492012,0.8311688303947449,0.6883116883116883,0.5751330852508545,0.7392592592592593,-0.0035994350910186768,-0.0015742480754852295,0.09824545797891915,0.013145278207957745,0.003313010558485985,0.9610389471054077,0.7532467532467533,0.45506614446640015,0.8475925925925926,0.01733783818781376,0.0043344199657440186,0.9350649118423462,0.7012987012987013,0.5115293860435486,0.7933634992458521,0.019158324226737022,0.0047754934057593346,0.948051929473877,0.7272727272727273,0.4979170858860016,0.8162962962962963,0.004192559979856014,0.006013046018779278,0.09827800001949072,complete,0.05123480595648289,0.7278381544211551,True,0.051030104979872704,40,50,9.847120124963112,True,"[21, 11]",mps,False,True,/Users/danielmunch/Projects/tabpfn-compile/artifacts/gate2/diabetes/compiled-32-42-stratified.csv,0,5.960464477539062e-07,1.6763806343078613e-08
diabetes,32,43,460,8,2,768,"{'tested_negative': 500, 'tested_positive': 268}","[299, 161]","[21, 11]",False,0.07883421331644058,0.019920140504837036,0.7792207598686218,0.7012987012987013,0.5272355675697327,0.7903703703703704,0.0962393656373024,0.023688655346632004,0.8051947951316833,0.6753246753246753,0.5599467158317566,0.744343891402715,0.08815170079469681,0.021843012422323227,0.8051947951316833,0.7402597402597403,0.49059271812438965,0.8288888888888889,0.017405152320861816,0.009317487478256226,0.09658775001298636,0.017272137105464935,0.004331322852522135,0.9415584206581116,0.7597402597402597,0.450156033039093,0.8529629629629629,0.021118324249982834,0.0051168715581297874,0.9350649118423462,0.7272727272727273,0.5221245288848877,0.7963800904977376,0.015065490268170834,0.0037842453457415104,0.948051929473877,0.7532467532467533,0.47039952874183655,0.8377777777777777,0.0038461871445178986,-0.0022066468372941017,0.09748954197857529,complete,0.07308621052652597,0.8290958639214687,True,0.07512104138731956,50,50,9.290781707968563,True,"[21, 11]",mps,False,True,/Users/danielmunch/Projects/tabpfn-compile/artifacts/gate2/diabetes/compiled-32-43-stratified.csv,0,8.940696716308594e-07,4.0978193283081055e-08
diabetes,32,44,460,8,2,768,"{'tested_negative': 500, 'tested_positive': 268}","[299, 161]","[21, 11]",False,0.08211725950241089,0.022023605182766914,0.7857142686843872,0.6948051948051948,0.5374361276626587,0.7833333333333333,0.07384760677814484,0.019503137096762657,0.8181818127632141,0.6103896103896104,0.6183473467826843,0.6877828054298643,0.08399210125207901,0.022551411762833595,0.8181818127632141,0.7012987012987013,0.5593971610069275,0.7674074074074073,-0.008269652724266052,0.0018748417496681213,0.09593149996362627,0.02366582676768303,0.006051636300981045,0.9285714030265808,0.7597402597402597,0.47842535376548767,0.8337037037037036,0.027520110830664635,0.006790785118937492,0.9220778942108154,0.7142857142857143,0.5854911804199219,0.7458521870286576,0.018660487607121468,0.004701250232756138,0.9740259647369385,0.7532467532467533,0.5324050784111023,0.802962962962963,0.0038542840629816055,-0.005005339160561562,0.15878729103133082,complete,0.06533161364495754,0.777830446804549,True,0.0463274959474802,50,50,9.169234916102141,True,"[21, 11]",mps,False,True,/Users/danielmunch/Projects/tabpfn-compile/artifacts/gate2/diabetes/compiled-32-44-stratified.csv,0,3.0994415283203125e-06,2.7939677238464355e-08
diabetes,128,42,460,8,2,768,"{'tested_negative': 500, 'tested_positive': 268}","[299, 161]","[83, 45]",False,0.01923246681690216,0.004959386773407459,0.9220778942108154,0.7532467532467533,0.45551687479019165,0.8509259259259259,0.01840304024517536,0.004818268585950136,0.8831169009208679,0.6753246753246753,0.5188735723495483,0.7820512820512819,0.019061878323554993,0.00495121069252491,0.9350649118423462,0.6623376623376623,0.5102567076683044,0.8111111111111111,-0.000829426571726799,-0.00017058849334716797,0.11450087500270456,0.0017715803114697337,0.0004450386040844023,0.9610389471054077,0.7662337662337663,0.45179376006126404,0.8524074074074074,0.006283205933868885,0.001566837658174336,0.9870129823684692,0.7272727272727273,0.4791182577610016,0.8159879336349924,0.004570539575070143,0.0011715549044311047,0.9610389471054077,0.7402597402597403,0.4873611032962799,0.8251851851851852,0.004511625622399151,0.002798959263600409,0.11350766697432846,complete,0.01449133874848485,0.7602261698721331,True,0.012119834311306477,50,50,9.64939008303918,True,"[83, 45]",mps,False,True,/Users/danielmunch/Projects/tabpfn-compile/artifacts/gate2/diabetes/compiled-128-42-stratified.csv,0,1.1026859283447266e-06,3.026798367500305e-08
diabetes,128,43,460,8,2,768,"{'tested_negative': 500, 'tested_positive': 268}","[299, 161]","[83, 45]",False,0.02376510575413704,0.005703698843717575,0.9350649118423462,0.7532467532467533,0.4951193630695343,0.8153703703703703,0.01890154927968979,0.004369557835161686,0.9610389471054077,0.7272727272727273,0.5326683521270752,0.7858220211161387,0.0242649856954813,0.005445023532956839,0.9610389471054077,0.7142857142857143,0.5289987921714783,0.8044444444444445,-0.00486355647444725,0.0004998799413442612,0.11194491700734943,0.004776433575898409,0.001203465275466442,0.9740259647369385,0.7532467532467533,0.45535609126091003,0.8451851851851852,0.006968890782445669,0.001692173769697547,0.948051929473877,0.7142857142857143,0.5105746388435364,0.8001508295625943,0.007513900753110647,0.0018203642684966326,0.9740259647369385,0.7532467532467533,0.49131903052330017,0.8266666666666667,0.0021924572065472603,0.0027374671772122383,0.11824495904147625,complete,0.016751084942370653,0.6903397822933847,True,0.01193265849724412,50,50,10.560322333010845,True,"[83, 45]",mps,False,True,/Users/danielmunch/Projects/tabpfn-compile/artifacts/gate2/diabetes/compiled-128-43-stratified.csv,0,8.344650268554688e-07,7.450580596923828e-09
diabetes,128,44,460,8,2,768,"{'tested_negative': 500, 'tested_positive': 268}","[299, 161]","[83, 45]",False,0.029508216306567192,0.006985453423112631,0.8896104097366333,0.7207792207792207,0.48684969544410706,0.8161111111111111,0.030107418075203896,0.0072616757825016975,0.8701298832893372,0.7402597402597403,0.5481076240539551,0.7714932126696832,0.025988591834902763,0.00616895966231823,0.948051929473877,0.7792207792207793,0.49221986532211304,0.84,0.0005992017686367035,-0.0035196244716644287,0.11889995797537267,0.006217616144567728,0.0015393662033602595,0.9610389471054077,0.7532467532467533,0.4579903781414032,0.8466666666666668,0.011097720824182034,0.002710383851081133,0.9610389471054077,0.7272727272727273,0.5217945575714111,0.7918552036199096,0.005118937231600285,0.0012605255469679832,0.9740259647369385,0.7532467532467533,0.49391981959342957,0.8237037037037036,0.0048801046796143055,-0.0010986789129674435,0.11993374989833683,complete,0.02086965460330248,0.8030313737612541,True,0.019009697251021862,50,50,12.320358791039325,True,"[83, 45]",mps,False,True,/Users/danielmunch/Projects/tabpfn-compile/artifacts/gate2/diabetes/compiled-128-44-stratified.csv,0,1.2516975402832031e-06,2.7474015951156616e-08
phoneme,8,42,3242,5,2,5404,"{'1': 3818, '2': 1586}","[2291, 951]","[6, 2]",False,0.41373518109321594,0.12029868364334106,0.7252544164657593,0.7243293246993524,0.6023057699203491,0.5786946594459145,0.3910386860370636,0.11380911618471146,0.7537037134170532,0.7240740740740741,0.6135784387588501,0.5401948439260389,0.4038641154766083,0.11816322803497314,0.7412199378013611,0.7301293900184843,0.6150055527687073,0.5244657380881821,-0.022696495056152344,-0.009871065616607666,0.43258133297786117,0.38007116317749023,0.10961857438087463,0.7160037159919739,0.7169287696577243,0.5666680335998535,0.668768597970606,0.3584679067134857,0.10315820574760437,0.7370370626449585,0.7148148148148148,0.5787281394004822,0.6124163297766585,0.36059412360191345,0.10461345314979553,0.7356746792793274,0.7208872458410351,0.5684559345245361,0.6615792419901874,-0.021603256464004517,-0.019477039575576782,0.3895351249957457,complete,0.043269991874694824,0.1071399765825469,True,0.03257077932357788,40,50,14.974354124977253,True,"[6, 2]",mps,False,True,/Users/danielmunch/Projects/tabpfn-compile/artifacts/gate2/phoneme/compiled-8-42-stratified.csv,0,8.344650268554688e-07,5.960464477539063e-08
phoneme,8,43,3242,5,2,5404,"{'1': 3818, '2': 1586}","[2291, 951]","[6, 2]",False,0.364409476518631,0.10680420696735382,0.7271045446395874,0.7280296022201665,0.5548778176307678,0.7049671521715836,0.3410835564136505,0.09991676360368729,0.7333333492279053,0.7148148148148148,0.5594053268432617,0.6966830141162437,0.34770622849464417,0.10210452973842621,0.7486136555671692,0.7412199630314233,0.5433890223503113,0.7255424939905825,-0.02332592010498047,-0.016703248023986816,0.4228058330481872,0.3228842616081238,0.09305721521377563,0.7539315223693848,0.7493061979648473,0.5145250558853149,0.762312783863762,0.31273820996284485,0.08976582437753677,0.7518518567085266,0.737037037037037,0.5279555916786194,0.7408211279740209,0.312381774187088,0.08973412215709686,0.7652495503425598,0.7689463955637708,0.5014409422874451,0.7782277980835721,-0.01014605164527893,-0.010502487421035767,0.4043484589783475,complete,0.03532445430755615,0.101592814314801,True,0.028345346450805664,50,50,12.229118458926678,True,"[6, 2]",mps,False,True,/Users/danielmunch/Projects/tabpfn-compile/artifacts/gate2/phoneme/compiled-8-43-stratified.csv,0,8.940696716308594e-07,2.9802322387695312e-08
phoneme,8,44,3242,5,2,5404,"{'1': 3818, '2': 1586}","[2291, 951]","[6, 2]",False,0.40180110931396484,0.11541604995727539,0.6993524432182312,0.7058279370952821,0.5881851315498352,0.5945498157719034,0.3773668110370636,0.10804776102304459,0.729629635810852,0.7074074074074074,0.5983369946479797,0.5400457286765192,0.38237622380256653,0.11040684580802917,0.7208872437477112,0.7060998151571165,0.5869913697242737,0.5952945437781949,-0.024434298276901245,-0.019424885511398315,0.39525337505619973,0.3671702742576599,0.10405606776475906,0.7224791646003723,0.727104532839963,0.5587716102600098,0.6868823000898472,0.34317970275878906,0.09706036746501923,0.7425925731658936,0.7314814814814815,0.5636404752731323,0.6843395851282391,0.3480599522590637,0.09900559484958649,0.7486136555671692,0.7375231053604436,0.5502611994743347,0.7090948006190523,-0.02399057149887085,-0.01911032199859619,0.3951902500120923,complete,0.03431627154350281,0.0897447838211338,True,0.034187108278274536,50,50,12.056106999982148,True,"[6, 2]",mps,False,True,/Users/danielmunch/Projects/tabpfn-compile/artifacts/gate2/phoneme/compiled-8-44-stratified.csv,0,4.76837158203125e-07,2.9802322387695312e-08
phoneme,32,42,3242,5,2,5404,"{'1': 3818, '2': 1586}","[2291, 951]","[23, 9]",False,0.23542694747447968,0.0618465319275856,0.8122109174728394,0.8020351526364478,0.4146551787853241,0.8661399474105032,0.2291087806224823,0.05918705463409424,0.8037037253379822,0.7962962962962963,0.42965438961982727,0.8583570813175161,0.2281031608581543,0.058646347373723984,0.8170055747032166,0.8022181146025879,0.4132285416126251,0.8712338239652276,-0.0063181668519973755,-0.007323786616325378,0.41622062493115664,0.18131430447101593,0.04972539842128754,0.8445883393287659,0.8196114708603145,0.3769657015800476,0.8884492692697644,0.2055080235004425,0.054102133959531784,0.8037037253379822,0.8037037037037037,0.412965327501297,0.866823513818013,0.18849141895771027,0.051203835755586624,0.8114602565765381,0.7966728280961183,0.38929107785224915,0.877967664394613,0.024193719029426575,0.007177114486694336,0.43387370801065117,complete,0.03961174190044403,0.17365713719800907,True,0.023600757122039795,50,50,14.091456707916223,True,"[23, 9]",mps,False,True,/Users/danielmunch/Projects/tabpfn-compile/artifacts/gate2/phoneme/compiled-32-42-stratified.csv,0,3.159046173095703e-06,1.4901161193847656e-08
phoneme,32,43,3242,5,2,5404,"{'1': 3818, '2': 1586}","[2291, 951]","[23, 9]",False,0.29244500398635864,0.08466309309005737,0.7363552451133728,0.7261794634597595,0.48909792304039,0.7975840154306486,0.2864345610141754,0.08257046341896057,0.720370352268219,0.7055555555555556,0.49355819821357727,0.7849426734707403,0.2826315760612488,0.08195744454860687,0.7467652559280396,0.7689463955637708,0.47516584396362305,0.8140044123942178,-0.0060104429721832275,-0.009813427925109863,0.4218055830569938,0.20416289567947388,0.05599304288625717,0.846438467502594,0.8251618871415356,0.3900443911552429,0.8865616525301482,0.2191474586725235,0.05943756550550461,0.8129629492759705,0.7944444444444444,0.4197964668273926,0.861720458612234,0.19805096089839935,0.05496509000658989,0.8280960917472839,0.8133086876155268,0.3952183723449707,0.8756132898679575,0.014984562993049622,-0.006111934781074524,0.41137170896399766,complete,0.08458061516284943,0.2992610250473926,True,0.06728710234165192,30,50,13.349470167071559,True,"[23, 9]",mps,False,True,/Users/danielmunch/Projects/tabpfn-compile/artifacts/gate2/phoneme/compiled-32-43-stratified.csv,0,3.3676624298095703e-06,4.470348358154297e-08
phoneme,32,44,3242,5,2,5404,"{'1': 3818, '2': 1586}","[2291, 951]","[23, 9]",False,0.3710502088069916,0.08667045831680298,0.7705827951431274,0.7622571692876966,0.5668431520462036,0.7583397215559237,0.36260104179382324,0.08214090764522552,0.7611111402511597,0.7462962962962963,0.5914158821105957,0.7383358738153623,0.34307414293289185,0.08000104129314423,0.7744916677474976,0.7597042513863216,0.5403535962104797,0.7929796832296092,-0.008449167013168335,-0.02797606587409973,0.4177427910035476,0.17939762771129608,0.05007350072264671,0.8344125747680664,0.8112858464384829,0.36751627922058105,0.8978131671571173,0.18074862658977509,0.04936828836798668,0.8074073791503906,0.8037037037037037,0.37706446647644043,0.888511498442574,0.1738329529762268,0.047894999384880066,0.8391866683959961,0.8317929759704251,0.37334245443344116,0.8936086140472191,0.001350998878479004,-0.005564674735069275,0.5695665840758011,complete,0.16924118995666504,0.49330791446375494,True,0.18185241520404816,50,50,13.096757250023074,True,"[23, 9]",mps,False,True,/Users/danielmunch/Projects/tabpfn-compile/artifacts/gate2/phoneme/compiled-32-44-stratified.csv,0,2.205371856689453e-06,8.940696716308594e-08
phoneme,128,42,3242,5,2,5404,"{'1': 3818, '2': 1586}","[2291, 951]","[90, 38]",False,0.18247410655021667,0.04888018220663071,0.8436632752418518,0.820536540240518,0.3801101744174957,0.889953592653956,0.18311093747615814,0.04676005244255066,0.8407407402992249,0.8296296296296296,0.37175676226615906,0.89596726091855,0.17245224118232727,0.0454251691699028,0.8539741039276123,0.8317929759704251,0.3607730269432068,0.9005729526820112,0.0006368309259414673,-0.010021865367889404,0.4908278330694884,0.12699371576309204,0.034800514578819275,0.8880665898323059,0.8482886216466234,0.3170745372772217,0.9227684495989845,0.1488652378320694,0.03859003633260727,0.8574073910713196,0.8351851851851851,0.3477577567100525,0.9067035588839552,0.13551507890224457,0.035419005900621414,0.8890942931175232,0.8558225508317929,0.3265745937824249,0.9170041818960124,0.021871522068977356,0.008521363139152527,0.4940443329978734,complete,0.0369371622800827,0.21418777759478597,True,0.034245699644088745,50,50,15.138531875098124,True,"[90, 38]",mps,False,True,/Users/danielmunch/Projects/tabpfn-compile/artifacts/gate2/phoneme/compiled-128-42-stratified.csv,0,3.5762786865234375e-06,4.470348358154297e-08
phoneme,128,43,3242,5,2,5404,"{'1': 3818, '2': 1586}","[2291, 951]","[90, 38]",False,0.19238053262233734,0.05251556634902954,0.8408880829811096,0.8344125809435707,0.3786000609397888,0.8901060857093398,0.2043268084526062,0.05401908606290817,0.8185185194015503,0.7925925925925926,0.4020441174507141,0.8714957916362913,0.1946789175271988,0.05245652049779892,0.8170055747032166,0.8170055452865065,0.3717667758464813,0.8908426355823371,0.01194627583026886,0.00229838490486145,0.5065850000828505,0.13135242462158203,0.035785041749477386,0.8825162053108215,0.8575393154486587,0.320024311542511,0.9225005563935804,0.14919044077396393,0.038535863161087036,0.8740741014480591,0.8407407407407408,0.34245219826698303,0.9092385181257869,0.15424872934818268,0.04104500263929367,0.8687615394592285,0.8428835489833642,0.3417663872241974,0.9095459185353486,0.017838016152381897,0.022896304726600647,0.4859566669911146,complete,0.04043018817901611,0.20767625325103614,True,0.05513636767864227,50,50,13.395751333096996,True,"[90, 38]",mps,False,True,/Users/danielmunch/Projects/tabpfn-compile/artifacts/gate2/phoneme/compiled-128-43-stratified.csv,0,3.516674041748047e-06,8.940696716308594e-08
phoneme,128,44,3242,5,2,5404,"{'1': 3818, '2': 1586}","[2291, 951]","[90, 38]",False,0.16932173073291779,0.04649728164076805,0.8473635315895081,0.8223866790009251,0.36360737681388855,0.8991526331841375,0.16257835924625397,0.04296494275331497,0.8574073910713196,0.8462962962962963,0.35299545526504517,0.9103651666777123,0.16632488369941711,0.04446808248758316,0.8595194220542908,0.8262476894639557,0.3572656214237213,0.9060884454542462,-0.006743371486663818,-0.0029968470335006714,0.48480895801912993,0.11511176079511642,0.031209832057356834,0.8991674184799194,0.8630897317298798,0.3114636242389679,0.9259543180263277,0.14660775661468506,0.03776084631681442,0.864814817905426,0.8462962962962963,0.3392656445503235,0.9130161044469481,0.12834937870502472,0.033241938799619675,0.8946395516395569,0.8613678373382625,0.31181326508522034,0.9282821298034181,0.031495995819568634,0.013237617909908295,0.49215000006370246,complete,0.037975504994392395,0.22832124784780763,True,0.01597060263156891,40,50,13.360771332983859,True,"[90, 38]",mps,False,True,/Users/danielmunch/Projects/tabpfn-compile/artifacts/gate2/phoneme/compiled-128-44-stratified.csv,0,2.3096799850463867e-06,2.9802322387695312e-08
spambase,8,42,2760,57,2,4601,"{'0': 2788, '1': 1813}","[1672, 1088]","[5, 3]",False,0.6596085429191589,0.1406274139881134,0.7021738886833191,0.6923913043478261,0.7739688158035278,0.851808946711816,0.6585423350334167,0.13915836811065674,0.7217391133308411,0.7130434782608696,0.7855040431022644,0.8438186894789996,0.6947826743125916,0.14716646075248718,0.6811279654502869,0.6854663774403471,0.7877161502838135,0.8461932332900076,-0.0010662078857421875,0.03517413139343262,1.4784770410042256,0.20082132518291473,0.056142933666706085,0.886956512928009,0.8880434782608696,0.2838611304759979,0.9490336442305787,0.19893765449523926,0.056868989020586014,0.8695651888847351,0.8565217391304348,0.3101831078529358,0.9362759658607102,0.19913937151432037,0.05649711564183235,0.8806941509246826,0.8763557483731019,0.30296286940574646,0.9415691835046672,-0.001883670687675476,-0.0016819536685943604,1.4762572090839967,complete,0.4956433027982712,0.7133789041136552,True,0.4596046805381775,50,50,51.71143312496133,True,"[5, 3]",mps,False,True,/Users/danielmunch/Projects/tabpfn-compile/artifacts/gate2/spambase/compiled-8-42-stratified.csv,0,5.155801773071289e-06,5.960464477539063e-08
spambase,8,43,2760,57,2,4601,"{'0': 2788, '1': 1813}","[1672, 1088]","[5, 3]",False,0.36617758870124817,0.10804338753223419,0.802173912525177,0.7967391304347826,0.46983131766319275,0.8852155488227491,0.355606347322464,0.10587912797927856,0.802173912525177,0.7804347826086957,0.4845343828201294,0.8657795203865423,0.35800978541374207,0.10590486973524094,0.8047722578048706,0.8091106290672451,0.4610523581504822,0.8863287250384024,-0.01057124137878418,-0.008167803287506104,1.1470147499348968,0.17573875188827515,0.047691699117422104,0.9097825884819031,0.9021739130434783,0.2660956084728241,0.9540436444286026,0.16337957978248596,0.04502803832292557,0.915217399597168,0.8847826086956522,0.2962612211704254,0.939167112220044,0.1878126859664917,0.04975102096796036,0.9023861289024353,0.8980477223427332,0.28466638922691345,0.9455669778250423,-0.012359172105789185,0.012073934078216553,0.967331291991286,complete,0.17019709944725037,0.47539789799476645,True,0.19222676753997803,50,50,38.5392533330014,True,"[5, 3]",mps,False,True,/Users/danielmunch/Projects/tabpfn-compile/artifacts/gate2/spambase/compiled-8-43-stratified.csv,0,4.0531158447265625e-06,8.940696716308594e-08
spambase,8,44,2760,57,2,4601,"{'0': 2788, '1': 1813}","[1672, 1088]","[5, 3]",False,0.471739798784256,0.1450028121471405,0.769565224647522,0.7554347826086957,0.575099527835846,0.8709429889700786,0.45632579922676086,0.14040905237197876,0.7956521511077881,0.7869565217391304,0.5701680183410645,0.8789084932374899,0.4621226489543915,0.14193090796470642,0.77440345287323,0.7700650759219089,0.5698360204696655,0.8842018196856906,-0.015413999557495117,-0.009617149829864502,1.0796648329123855,0.22118031978607178,0.06282232701778412,0.8826087117195129,0.8706521739130435,0.3146120011806488,0.9403849581179825,0.23285441100597382,0.06598852574825287,0.873913049697876,0.8521739130434782,0.3511714041233063,0.9218994435533377,0.23305583000183105,0.06496040523052216,0.887201726436615,0.8828633405639913,0.31886208057403564,0.9363700815313719,0.011674091219902039,0.011875510215759277,1.2150954169919714,complete,0.22906681895256042,0.49568403425119256,True,0.22347138822078705,50,50,39.6965894169407,True,"[5, 3]",mps,False,True,/Users/danielmunch/Projects/tabpfn-compile/artifacts/gate2/spambase/compiled-8-44-stratified.csv,0,2.682209014892578e-06,1.1920928955078125e-07
spambase,32,42,2760,57,2,4601,"{'0': 2788, '1': 1813}","[1672, 1088]","[19, 13]",False,0.2516208589076996,0.07232788950204849,0.8717391490936279,0.8684782608695653,0.33818086981773376,0.9322362819065724,0.25542426109313965,0.07245156168937683,0.865217387676239,0.8478260869565217,0.3713001012802124,0.9137210637834412,0.23557047545909882,0.0678768903017044,0.8741865754127502,0.8568329718004338,0.34008270502090454,0.9332781913427074,0.0038034021854400635,-0.01605038344860077,1.5227722499985248,0.1108194962143898,0.0296945720911026,0.935869574546814,0.9391304347826087,0.1876344382762909,0.9768064714152755,0.10950866341590881,0.029961764812469482,0.9239130616188049,0.9152173913043479,0.2173757404088974,0.9667320144953365,0.10647504031658173,0.029454678297042847,0.9327548742294312,0.9240780911062907,0.20510151982307434,0.9739257158611997,-0.0013108327984809875,-0.004344455897808075,1.8148134170332924,complete,0.1290954351425171,0.5480119479783087,True,0.14591559767723083,40,50,61.44348645803984,True,"[19, 13]",mps,False,True,/Users/danielmunch/Projects/tabpfn-compile/artifacts/gate2/spambase/compiled-32-42-stratified.csv,0,2.4139881134033203e-06,2.0116567611694336e-07
spambase,32,43,2760,57,2,4601,"{'0': 2788, '1': 1813}","[1672, 1088]","[19, 13]",False,0.19754303991794586,0.043022625148296356,0.905434787273407,0.9021739130434783,0.266872763633728,0.9581674884651181,0.1561126410961151,0.034634508192539215,0.9217391014099121,0.908695652173913,0.2681844234466553,0.953504029782768,0.16881126165390015,0.03685320168733597,0.9110628962516785,0.9067245119305857,0.2616746425628662,0.9589192169837331,-0.04143039882183075,-0.028731778264045715,1.582953374949284,0.08498191833496094,0.020290004089474678,0.9510869383811951,0.9456521739130435,0.15523868799209595,0.9824303451553495,0.07347028702497482,0.018597275018692017,0.9521738886833191,0.9391304347826087,0.17132727801799774,0.9799401968355809,0.08523688465356827,0.020584587007761,0.9414316415786743,0.9370932754880694,0.1759812980890274,0.9761313954862342,-0.011511631309986115,0.0002549663186073303,1.50552287499886,complete,0.08357437700033188,0.49507583902593866,True,0.08264235407114029,50,50,54.34849208407104,True,"[19, 13]",mps,False,True,/Users/danielmunch/Projects/tabpfn-compile/artifacts/gate2/spambase/compiled-32-43-stratified.csv,0,5.245208740234375e-06,1.043081283569336e-07
spambase,32,44,2760,57,2,4601,"{'0': 2788, '1': 1813}","[1672, 1088]","[19, 13]",False,0.22372323274612427,0.06761853396892548,0.9108695387840271,0.9054347826086957,0.31711238622665405,0.9562318065704271,0.2123933732509613,0.06341519951820374,0.917391300201416,0.9130434782608695,0.31751447916030884,0.9455236737361136,0.22056327760219574,0.06534245610237122,0.9045553207397461,0.9045553145336226,0.3166656792163849,0.9491905943518847,-0.011329859495162964,-0.003159955143928528,1.4442596250446513,0.10064462572336197,0.02598430961370468,0.9413043260574341,0.9358695652173913,0.17720718681812286,0.9787966098338581,0.11724407225847244,0.029798906296491623,0.926086962223053,0.9130434782608695,0.225237175822258,0.962217073605418,0.11813083291053772,0.030233001336455345,0.9392624497413635,0.93058568329718,0.21100544929504395,0.9706762771278901,0.016599446535110474,0.01748620718717575,1.4712486250791699,complete,0.10243244469165802,0.4644129603315175,True,0.09514930099248886,40,50,51.50391779199708,True,"[19, 13]",mps,False,True,/Users/danielmunch/Projects/tabpfn-compile/artifacts/gate2/spambase/compiled-32-44-stratified.csv,0,3.159046173095703e-06,1.1920928955078125e-07
spambase,128,42,2760,57,2,4601,"{'0': 2788, '1': 1813}","[1672, 1088]","[78, 50]",False,0.13487985730171204,0.03175028786063194,0.926086962223053,0.9206521739130434,0.20827986299991608,0.9715835957147666,0.1535770297050476,0.0352267250418663,0.9239130616188049,0.9065217391304348,0.24396073818206787,0.961068536010614,0.13980446755886078,0.03170422464609146,0.9262472987174988,0.9219088937093276,0.2317844182252884,0.9701051636535507,0.01869717240333557,0.004924610257148743,2.0875893339980394,0.06726676970720291,0.017523733898997307,0.9532608985900879,0.9521739130434783,0.14359836280345917,0.9867373611358641,0.0992886945605278,0.025012066587805748,0.9347826242446899,0.9217391304347826,0.19981341063976288,0.973068773639082,0.08396033197641373,0.02224525436758995,0.9284164905548096,0.9240780911062907,0.17533423006534576,0.9809366260979164,0.03202192485332489,0.016693562269210815,2.3541379999369383,complete,0.05584413558244705,0.3994445711038199,True,0.054288335144519806,50,50,69.39847941696644,True,"[78, 50]",mps,False,True,/Users/danielmunch/Projects/tabpfn-compile/artifacts/gate2/spambase/compiled-128-42-stratified.csv,0,4.589557647705078e-06,3.725290298461914e-08
spambase,128,43,2760,57,2,4601,"{'0': 2788, '1': 1813}","[1672, 1088]","[78, 50]",False,0.12137868255376816,0.029348064213991165,0.936956524848938,0.9293478260869565,0.1932033747434616,0.9748361353690171,0.13689148426055908,0.03395754471421242,0.9130434989929199,0.9043478260869565,0.2314106523990631,0.9645537535396741,0.15280179679393768,0.035275109112262726,0.9305856823921204,0.9175704989154013,0.23210005462169647,0.9690220174091142,0.015512801706790924,0.031423114240169525,2.1339718339731917,0.06365077197551727,0.015804825350642204,0.9543478488922119,0.9467391304347826,0.13602589070796967,0.9879552070338027,0.07692889124155045,0.019074585288763046,0.949999988079071,0.9282608695652174,0.18386460840702057,0.9779995643478089,0.08106180280447006,0.018843114376068115,0.9457700848579407,0.9370932754880694,0.17955553531646729,0.9787506400409627,0.013278119266033173,0.01741103082895279,2.0864613340236247,complete,0.07173999398946762,0.46949705759162813,True,0.059962593019008636,50,50,66.37030837498605,True,"[78, 50]",mps,False,True,/Users/danielmunch/Projects/tabpfn-compile/artifacts/gate2/spambase/compiled-128-43-stratified.csv,0,5.245208740234375e-06,5.960464477539063e-08
spambase,128,44,2760,57,2,4601,"{'0': 2788, '1': 1813}","[1672, 1088]","[78, 50]",False,0.13101604580879211,0.032831087708473206,0.9326087236404419,0.925,0.2195051908493042,0.9675290599813858,0.14170466363430023,0.03494939208030701,0.917391300201416,0.908695652173913,0.247603178024292,0.9580189706726866,0.13032227754592896,0.031757645308971405,0.9305856823921204,0.9175704989154013,0.2214352935552597,0.966678482807515,0.010688617825508118,-0.0006937682628631592,1.9938225410878658,0.05691572651267052,0.015290387906134129,0.9619565010070801,0.9456521739130435,0.14055319130420685,0.9864749797025684,0.09740680456161499,0.0238807313144207,0.9347826242446899,0.9260869565217391,0.21229566633701324,0.970157824907424,0.06918526440858841,0.018152205273509026,0.9501084685325623,0.9327548806941431,0.18476912379264832,0.9767812832328961,0.04049107804894447,0.012269537895917892,2.1226945410016924,complete,0.061137013137340546,0.4691217364260249,True,0.04429785907268524,50,50,62.17505987500772,True,"[78, 50]",mps,False,True,/Users/danielmunch/Projects/tabpfn-compile/artifacts/gate2/spambase/compiled-128-44-stratified.csv,0,5.3942203521728516e-06,1.564621925354004e-07
balance-scale,8,42,375,4,3,625,"{'R': 288, 'L': 288, 'B': 49}","[29, 173, 173]","[0, 4, 4]",False,1.183075189590454,0.21679408848285675,0.5839999914169312,0.584,1.4120628833770752,0.6400333666323039,1.304497241973877,0.2134741246700287,0.6612903475761414,0.6612903225806451,1.3959711790084839,0.7547809185820289,1.1874182224273682,0.2042766660451889,0.761904776096344,0.7619047619047619,1.3554383516311646,0.7407369844489521,0.12142205238342285,0.0043430328369140625,0.04845291597303003,0.9825229644775391,0.15583263337612152,0.7279999852180481,0.728,1.2084931135177612,0.769705443783199,1.091521978378296,0.14891454577445984,0.774193525314331,0.7903225806451613,1.1773567199707031,0.7949442880050333,0.9433456063270569,0.129737988114357,0.8571428656578064,0.8571428571428571,1.1040531396865845,0.8232251521298174,0.10899901390075684,-0.03917735815048218,0.04921220906544477,complete,0.24407261610031128,0.2055489898086356,True,0.21297526359558105,50,50,9.159244291018695,True,"[0, 4, 4]",mps,False,True,/Users/danielmunch/Projects/tabpfn-compile/artifacts/gate2/balance-scale/compiled-8-42-stratified.csv,1,1.4901161193847656e-06,7.152557373046875e-07
balance-scale,8,43,375,4,3,625,"{'R': 288, 'L': 288, 'B': 49}","[29, 173, 173]","[0, 4, 4]",False,1.1523349285125732,0.20799574255943298,0.656000018119812,0.656,1.382979154586792,0.6855177845976815,1.2727034091949463,0.2048478126525879,0.7419354915618896,0.7419354838709677,1.3676247596740723,0.7935805191570111,1.2072675228118896,0.20963779091835022,0.6507936716079712,0.6507936507936508,1.3758940696716309,0.6711629479377957,0.12036848068237305,0.054932594299316406,0.04858441592659801,0.9985643625259399,0.1610274761915207,0.7519999742507935,0.752,1.2279967069625854,0.6786383773903292,1.1438719034194946,0.16432857513427734,0.725806474685669,0.7258064516129032,1.2478314638137817,0.7740787097438107,1.1008232831954956,0.17455503344535828,0.682539701461792,0.6825396825396826,1.2650976181030273,0.7084516565246788,0.1453075408935547,0.10225892066955566,0.04878329101484269,complete,0.10644423961639404,0.08816955447328773,True,0.12883150577545166,50,50,8.766637374996208,True,"[0, 4, 4]",mps,False,True,/Users/danielmunch/Projects/tabpfn-compile/artifacts/gate2/balance-scale/compiled-8-43-stratified.csv,1,1.0728836059570312e-06,3.5762786865234375e-07
balance-scale,8,44,375,4,3,625,"{'R': 288, 'L': 288, 'B': 49}","[29, 173, 173]","[0, 4, 4]",False,1.172506332397461,0.21426799893379211,0.7120000123977661,0.712,1.4031037092208862,0.6852147946789663,1.331234097480774,0.22149118781089783,0.6290322542190552,0.6451612903225806,1.4222283363342285,0.7265807043270479,1.2270653247833252,0.21587097644805908,0.6507936716079712,0.6507936507936508,1.39909029006958,0.6856997971602435,0.158727765083313,0.05455899238586426,0.049037916935049,1.0949623584747314,0.1915355920791626,0.7120000123977661,0.712,1.324907660484314,0.8238636677225363,1.2530239820480347,0.19876185059547424,0.6935483813285828,0.7096774193548387,1.3422449827194214,0.8519370372578443,1.160699486732483,0.19630149006843567,0.7460317611694336,0.746031746031746,1.3312095403671265,0.8077755240027046,0.15806162357330322,0.06573712825775146,0.04973725008312613,complete,0.06636583805084229,0.05408500811687523,True,0.07821011543273926,40,50,8.678608082933351,True,"[0, 4, 4]",mps,False,True,/Users/danielmunch/Projects/tabpfn-compile/artifacts/gate2/balance-scale/compiled-8-44-stratified.csv,1,7.748603820800781e-07,1.1920928955078125e-07
balance-scale,32,42,375,4,3,625,"{'R': 288, 'L': 288, 'B': 49}","[29, 173, 173]","[2, 15, 15]",False,0.551720380783081,0.16177883744239807,0.8320000171661377,0.832,0.6725919842720032,0.826874922903904,0.5705650448799133,0.1639341413974762,0.8225806355476379,0.8225806451612904,0.6820777654647827,0.8177347064877759,0.5554400086402893,0.16216591000556946,0.8571428656578064,0.8571428571428571,0.6643648743629456,0.8138607167004732,0.018844664096832275,0.003719627857208252,0.051327374996617436,0.2532918453216553,0.06582563370466232,0.8960000276565552,0.896,0.38136011362075806,0.8979948997052386,0.2914324700832367,0.07269449532032013,0.8548387289047241,0.8709677419354839,0.41402173042297363,0.929199500841969,0.2934489846229553,0.07787951827049255,0.841269850730896,0.8412698412698413,0.42153316736221313,0.9160919540229885,0.03814062476158142,0.04015713930130005,0.050780875026248395,complete,0.261991024017334,0.4716819457400719,True,0.27913257479667664,50,50,9.378830709028989,True,"[2, 15, 15]",mps,False,True,/Users/danielmunch/Projects/tabpfn-compile/artifacts/gate2/balance-scale/compiled-32-42-stratified.csv,0,4.589557647705078e-06,6.258487701416016e-07
balance-scale,32,43,375,4,3,625,"{'R': 288, 'L': 288, 'B': 49}","[29, 173, 173]","[2, 15, 15]",False,0.6172024607658386,0.17506006360054016,0.671999990940094,0.672,0.7416884899139404,0.7378480675562592,0.5529674291610718,0.15366895496845245,0.6935483813285828,0.6935483870967742,0.6896682381629944,0.728409774513116,0.639477550983429,0.1747349500656128,0.6507936716079712,0.6507936507936508,0.7631127834320068,0.688708586883029,-0.06423503160476685,0.022275090217590332,0.0519602500135079,0.30649271607398987,0.08549512922763824,0.8560000061988831,0.856,0.4283544421195984,0.8882998704427649,0.3334675431251526,0.08678708970546722,0.8387096524238586,0.8387096774193549,0.4820287227630615,0.85311563992038,0.3472042977809906,0.09529131650924683,0.7777777910232544,0.7777777777777778,0.46279075741767883,0.9117647058823529,0.02697482705116272,0.04071158170700073,0.051504041999578476,complete,0.29227325320243835,0.4570500602452144,True,0.2194998860359192,50,50,8.81308812496718,True,"[2, 15, 15]",mps,False,True,/Users/danielmunch/Projects/tabpfn-compile/artifacts/gate2/balance-scale/compiled-32-43-stratified.csv,0,2.2649765014648438e-06,1.1920928955078125e-07
balance-scale,32,44,375,4,3,625,"{'R': 288, 'L': 288, 'B': 49}","[29, 173, 173]","[2, 15, 15]",False,0.5201686024665833,0.14993363618850708,0.800000011920929,0.8,0.6455358266830444,0.7900320806742324,0.5382277965545654,0.1536145657300949,0.8064516186714172,0.8225806451612904,0.6761256456375122,0.7405436150151642,0.521750271320343,0.15064570307731628,0.7777777910232544,0.7777777777777778,0.6478184461593628,0.8005409060175794,0.018059194087982178,0.0015816688537597656,0.05129366600885987,0.15921902656555176,0.04439067095518112,0.9120000004768372,0.912,0.27310851216316223,0.9600632290942926,0.20013418793678284,0.05659126490354538,0.8387096524238586,0.8548387096774194,0.3330225646495819,0.9452052822448894,0.18335163593292236,0.05153019726276398,0.8888888955116272,0.8888888888888888,0.3012184500694275,0.9515212981744422,0.04091516137123108,0.024132609367370605,0.05142179096583277,complete,0.33839863538742065,0.6485835350522539,True,0.3380936086177826,50,50,9.076394415926188,True,"[2, 15, 15]",mps,False,True,/Users/danielmunch/Projects/tabpfn-compile/artifacts/gate2/balance-scale/compiled-32-44-stratified.csv,0,4.678964614868164e-06,1.4901161193847656e-07
balance-scale,128,42,375,4,3,625,"{'R': 288, 'L': 288, 'B': 49}","[29, 173, 173]","[10, 59, 59]",False,0.06490880995988846,0.017732899636030197,0.9440000057220459,0.944,0.1472262740135193,0.9878799652589644,0.061777275055646896,0.016877902671694756,0.9193548560142517,0.9032258064516129,0.199219211935997,0.9744138413216027,0.08396941423416138,0.021677426993846893,0.9523809552192688,0.9523809523809523,0.19879747927188873,0.9903313049357675,-0.003131534904241562,0.01906060427427292,0.06985820806585252,0.013251765631139278,0.0037216590717434883,0.9760000109672546,0.976,0.07417549192905426,0.9977992371742291,0.03550536558032036,0.009157747961580753,0.9516128897666931,0.9354838709677419,0.15776443481445312,0.9810610682154399,0.029119135811924934,0.0077187735587358475,0.9682539701461792,0.9682539682539683,0.11636249721050262,0.9922244759972955,0.02225359994918108,0.015867370180785656,0.060095957946032286,complete,0.05485027842223644,0.6532173520858222,True,0.026271909475326538,50,50,9.319368000025861,True,"[10, 59, 59]",mps,False,True,/Users/danielmunch/Projects/tabpfn-compile/artifacts/gate2/balance-scale/compiled-128-42-stratified.csv,0,6.079673767089844e-06,2.1979212760925293e-07
balance-scale,128,43,375,4,3,625,"{'R': 288, 'L': 288, 'B': 49}","[29, 173, 173]","[10, 59, 59]",False,0.08780666440725327,0.02396593987941742,0.9279999732971191,0.928,0.18142808973789215,0.9863560331258673,0.08264639973640442,0.020677432417869568,0.9193548560142517,0.9032258064516129,0.22392207384109497,0.9703037828451514,0.1427697092294693,0.036690156906843185,0.8888888955116272,0.8888888888888888,0.26603537797927856,0.9764029749830968,-0.0051602646708488464,0.054963044822216034,0.06249087501782924,0.014840553514659405,0.003813553601503372,0.984000027179718,0.984,0.06775136291980743,0.9976276811611907,0.0515768826007843,0.01094207912683487,0.9516128897666931,0.9354838709677419,0.15977007150650024,0.9845698401452645,0.056627560406923294,0.012727528810501099,0.9523809552192688,0.9523809523809523,0.1299981027841568,0.9949966193373901,0.0367363290861249,0.04178700689226389,0.05993358395062387,complete,0.086142148822546,0.6033643220782388,True,0.031069517135620117,50,50,9.446174874901772,True,"[10, 59, 59]",mps,False,True,/Users/danielmunch/Projects/tabpfn-compile/artifacts/gate2/balance-scale/compiled-128-43-stratified.csv,0,5.155801773071289e-06,1.4528632164001465e-07
balance-scale,128,44,375,4,3,625,"{'R': 288, 'L': 288, 'B': 49}","[29, 173, 173]","[10, 59, 59]",False,0.11930554360151291,0.02238868921995163,0.9440000057220459,0.944,0.1460505872964859,0.9916594237422206,0.14809152483940125,0.025424661114811897,0.9354838728904724,0.9516129032258065,0.20491711795330048,0.9838713893961039,0.3641682267189026,0.05574361979961395,0.9047619104385376,0.9047619047619048,0.4806388020515442,0.9675456389452334,0.028785981237888336,0.24486268311738968,0.06036962498910725,0.01328185386955738,0.003823664039373398,0.9919999837875366,0.992,0.0677107572555542,0.9994202898550725,0.0568244494497776,0.014187444001436234,0.9193548560142517,0.9354838709677419,0.14067934453487396,0.9872591614878367,0.03981310874223709,0.010985184460878372,0.9523809552192688,0.9523809523809523,0.11822869628667831,0.994050033806626,0.04354259558022022,0.02653125487267971,0.0736725419992581,complete,0.3243551179766655,0.8906738539467135,True,0.09126707538962364,50,50,8.998354249983095,True,"[10, 59, 59]",mps,False,True,/Users/danielmunch/Projects/tabpfn-compile/artifacts/gate2/balance-scale/compiled-128-44-stratified.csv,0,1.1980533599853516e-05,1.0468065738677979e-06
image-segmentation,8,42,1386,19,7,2310,"{'BRICKFACE': 330, 'SKY': 330, 'FOLIAGE': 330, 'CEMENT': 330, 'WINDOW': 330, 'PATH': 330, 'GRASS': 330}","[198, 198, 198, 198, 198, 198, 198]","[2, 1, 1, 1, 1, 1, 1]",False,1.5178345441818237,0.3924686908721924,0.551948070526123,0.5497835497835498,1.554868459701538,0.8489330534785081,1.4901421070098877,0.3865034282207489,0.5800865888595581,0.5800865800865801,1.542116403579712,0.8560715378897197,1.5284665822982788,0.39490705728530884,0.5151515007019043,0.5108225108225108,1.576306939125061,0.841466614193887,-0.027692437171936035,0.010632038116455078,0.18307320796884596,1.0205447673797607,0.27212226390838623,0.738095223903656,0.7359307359307359,1.0569846630096436,0.902121868030959,0.9963037371635437,0.26549047231674194,0.7142857313156128,0.7142857142857143,1.050635814666748,0.9128951856224584,1.0437936782836914,0.27868372201919556,0.7229437232017517,0.7186147186147186,1.0917021036148071,0.9030128121037212,-0.02424103021621704,0.023248910903930664,0.1786198749905452,complete,0.4846729040145874,0.31709748163797535,True,0.493838369846344,40,50,12.376196917030029,True,"[2, 1, 1, 1, 1, 1, 1]",mps,False,True,/Users/danielmunch/Projects/tabpfn-compile/artifacts/gate2/image-segmentation/compiled-8-42-stratified.csv,0,2.9206275939941406e-06,1.2516975402832031e-06
image-segmentation,8,43,1386,19,7,2310,"{'BRICKFACE': 330, 'SKY': 330, 'FOLIAGE': 330, 'CEMENT': 330, 'WINDOW': 330, 'PATH': 330, 'GRASS': 330}","[198, 198, 198, 198, 198, 198, 198]","[1, 1, 1, 2, 1, 1, 1]",False,1.516337513923645,0.3947533965110779,0.7056276798248291,0.7034632034632035,1.5513195991516113,0.8773339455157637,1.4857946634292603,0.387600302696228,0.7142857313156128,0.7142857142857143,1.53622567653656,0.8812147448511085,1.4909205436706543,0.3898731768131256,0.701298713684082,0.7012987012987013,1.5350843667984009,0.8876426603699331,-0.030542850494384766,-0.025416970252990723,0.17886895895935595,1.0969204902648926,0.2882075607776642,0.7402597665786743,0.7380952380952381,1.1342458724975586,0.8992194674012856,1.0683592557907104,0.281426340341568,0.7489177584648132,0.7532467532467533,1.1187100410461426,0.9061393152302243,1.0869868993759155,0.28894490003585815,0.7186146974563599,0.7186147186147186,1.1354645490646362,0.9057457693821329,-0.02856123447418213,-0.00993359088897705,0.1824432919966057,complete,0.40393364429473877,0.27092902167693794,True,0.4174354076385498,50,50,11.560137499938719,True,"[1, 1, 1, 2, 1, 1, 1]",mps,False,True,/Users/danielmunch/Projects/tabpfn-compile/artifacts/gate2/image-segmentation/compiled-8-43-stratified.csv,0,2.7418136596679688e-06,1.430511474609375e-06
image-segmentation,8,44,1386,19,7,2310,"{'BRICKFACE': 330, 'SKY': 330, 'FOLIAGE': 330, 'CEMENT': 330, 'WINDOW': 330, 'PATH': 330, 'GRASS': 330}","[198, 198, 198, 198, 198, 198, 198]","[1, 1, 1, 1, 1, 2, 1]",False,1.5504448413848877,0.3997093439102173,0.523809552192688,0.5238095238095238,1.5855909585952759,0.8876317285408195,1.5470682382583618,0.398136705160141,0.523809552192688,0.5238095238095238,1.5986584424972534,0.871900826446281,1.5551707744598389,0.40014728903770447,0.46320345997810364,0.46320346320346323,1.5999161005020142,0.8807993353447898,-0.003376603126525879,0.004725933074951172,0.20220062497537583,1.1165004968643188,0.30625465512275696,0.738095223903656,0.7380952380952381,1.1514384746551514,0.9459530368621278,1.1206886768341064,0.3066609799861908,0.6969696879386902,0.7012987012987013,1.16976797580719,0.9449035812672176,1.1477811336517334,0.31285709142684937,0.6753246784210205,0.6796536796536796,1.1917122602462769,0.9396563032926669,0.004188179969787598,0.03128063678741455,0.17829108308069408,complete,0.40738964080810547,0.2619581382948796,True,0.42637956142425537,40,50,11.985122375073843,True,"[1, 1, 1, 1, 1, 2, 1]",mps,False,True,/Users/danielmunch/Projects/tabpfn-compile/artifacts/gate2/image-segmentation/compiled-8-44-stratified.csv,0,2.682209014892578e-06,2.0265579223632812e-06
image-segmentation,32,42,1386,19,7,2310,"{'BRICKFACE': 330, 'SKY': 330, 'FOLIAGE': 330, 'CEMENT': 330, 'WINDOW': 330, 'PATH': 330, 'GRASS': 330}","[198, 198, 198, 198, 198, 198, 198]","[5, 5, 5, 4, 4, 5, 4]",False,0.4150013327598572,0.10841518640518188,0.8614718317985535,0.8614718614718615,0.4551038146018982,0.9741298264025537,0.3859789967536926,0.10244046151638031,0.8614718317985535,0.8614718614718615,0.4325619041919708,0.9757532030259304,0.43400296568870544,0.1103765070438385,0.8614718317985535,0.8614718614718615,0.4732702374458313,0.9724080633171541,-0.02902233600616455,0.019001632928848267,0.20219308300875127,0.08465293049812317,0.02257120981812477,0.963203489780426,0.961038961038961,0.11567332595586777,0.9979284183829638,0.130714550614357,0.03021848201751709,0.9350649118423462,0.9393939393939394,0.15746638178825378,0.99628317810136,0.13099081814289093,0.03165235370397568,0.9437229633331299,0.935064935064935,0.17257723212242126,0.9951462678735405,0.046061620116233826,0.04633788764476776,0.18980833294335753,complete,0.3030121475458145,0.6981799008331065,True,0.25526444613933563,50,50,10.925172916962765,True,"[5, 5, 5, 4, 4, 5, 4]",mps,False,True,/Users/danielmunch/Projects/tabpfn-compile/artifacts/gate2/image-segmentation/compiled-32-42-stratified.csv,0,2.327561378479004e-05,3.129243850708008e-07
image-segmentation,32,43,1386,19,7,2310,"{'BRICKFACE': 330, 'SKY': 330, 'FOLIAGE': 330, 'CEMENT': 330, 'WINDOW': 330, 'PATH': 330, 'GRASS': 330}","[198, 198, 198, 198, 198, 198, 198]","[4, 4, 5, 5, 4, 5, 5]",False,0.3806975781917572,0.09451322257518768,0.8354978561401367,0.8354978354978355,0.41420525312423706,0.9804702872884691,0.30353057384490967,0.07584406435489655,0.8787878751754761,0.8787878787878788,0.35810863971710205,0.9831212558485286,0.32918378710746765,0.0840846598148346,0.8484848737716675,0.8484848484848485,0.3702648878097534,0.9850452577725305,-0.07716700434684753,-0.05151379108428955,0.1888026250526309,0.06707046180963516,0.019464049488306046,0.9783549904823303,0.9761904761904762,0.09529751539230347,0.9987428396519304,0.13757742941379547,0.03428325057029724,0.9264069199562073,0.9264069264069265,0.18577434122562408,0.9958021776203595,0.13268499076366425,0.032949648797512054,0.9567099809646606,0.948051948051948,0.16010670363903046,0.996589269316542,0.07050696760416031,0.06561452895402908,0.19053124997299165,complete,0.1964987963438034,0.5969273215744767,True,0.1659531444311142,50,50,10.542411750066094,True,"[4, 4, 5, 5, 4, 5, 5]",mps,False,True,/Users/danielmunch/Projects/tabpfn-compile/artifacts/gate2/image-segmentation/compiled-32-43-stratified.csv,0,9.894371032714844e-06,3.129243850708008e-07
image-segmentation,32,44,1386,19,7,2310,"{'BRICKFACE': 330, 'SKY': 330, 'FOLIAGE': 330, 'CEMENT': 330, 'WINDOW': 330, 'PATH': 330, 'GRASS': 330}","[198, 198, 198, 198, 198, 198, 198]","[5, 4, 5, 4, 4, 5, 5]",False,0.38462531566619873,0.09205520153045654,0.8593073487281799,0.8571428571428571,0.4205859303474426,0.9766769425860334,0.2992013990879059,0.0776749700307846,0.8831169009208679,0.8831168831168831,0.34432539343833923,0.9845861209497573,0.34705623984336853,0.08714455366134644,0.8658008575439453,0.8658008658008658,0.37978658080101013,0.9825965280510737,-0.08542391657829285,-0.0375690758228302,0.19046258402522653,0.05722086504101753,0.015195813030004501,0.9848484992980957,0.9826839826839827,0.0820925161242485,0.9988466920285103,0.10693670064210892,0.026720259338617325,0.9437229633331299,0.9437229437229437,0.13539046049118042,0.9972233154051336,0.09610261023044586,0.02468552254140377,0.9653679728507996,0.9567099567099567,0.1302490532398224,0.9973544973544973,0.049715835601091385,0.03888174518942833,0.1873939170036465,complete,0.25095362961292267,0.7230921124662149,True,0.19226469844579697,50,50,10.469450125005096,True,"[5, 4, 5, 4, 4, 5, 5]",mps,False,True,/Users/danielmunch/Projects/tabpfn-compile/artifacts/gate2/image-segmentation/compiled-32-44-stratified.csv,0,1.6391277313232422e-05,4.470348358154297e-07
image-segmentation,128,42,1386,19,7,2310,"{'BRICKFACE': 330, 'SKY': 330, 'FOLIAGE': 330, 'CEMENT': 330, 'WINDOW': 330, 'PATH': 330, 'GRASS': 330}","[198, 198, 198, 198, 198, 198, 198]","[19, 19, 18, 18, 18, 18, 18]",False,0.09209473431110382,0.0225132517516613,0.9588744640350342,0.9567099567099567,0.12786947190761566,0.9969008264462811,0.12015694379806519,0.026718799024820328,0.948051929473877,0.9437229437229437,0.16094446182250977,0.9965455420000875,0.10943930596113205,0.029053010046482086,0.9437229633331299,0.935064935064935,0.16395191848278046,0.995408631772268,0.028062209486961365,0.01734457165002823,0.2655169169884175,0.013571216724812984,0.003779591992497444,0.9935064911842346,0.9913419913419913,0.04130147397518158,0.9993714198259652,0.11002998054027557,0.02077077329158783,0.9567099809646606,0.9567099567099567,0.15197066962718964,0.9982290436835892,0.04307390749454498,0.010464956983923912,0.9826839566230774,0.974025974025974,0.06477554887533188,0.9993003629367265,0.09645876381546259,0.029502690769732,0.2675028749508783,complete,0.06636539846658707,0.6064128229226626,True,0.010126963257789612,50,50,12.507625666912645,True,"[19, 19, 18, 18, 18, 18, 18]",mps,False,True,/Users/danielmunch/Projects/tabpfn-compile/artifacts/gate2/image-segmentation/compiled-128-42-stratified.csv,0,1.0967254638671875e-05,3.725290298461914e-07
image-segmentation,128,43,1386,19,7,2310,"{'BRICKFACE': 330, 'SKY': 330, 'FOLIAGE': 330, 'CEMENT': 330, 'WINDOW': 330, 'PATH': 330, 'GRASS': 330}","[198, 198, 198, 198, 198, 198, 198]","[18, 18, 18, 19, 18, 19, 18]",False,0.10089965164661407,0.024233045056462288,0.9523809552192688,0.9502164502164502,0.1305554211139679,0.997245179063361,0.11513803154230118,0.029054179787635803,0.9307359457015991,0.9307359307359307,0.14621873199939728,0.9968953605317241,0.09846168011426926,0.021649405360221863,0.9653679728507996,0.961038961038961,0.13866961002349854,0.9967204512659059,0.014238379895687103,-0.002437971532344818,0.2684213339816779,0.017796432599425316,0.00426151929423213,0.9913420081138611,0.9891774891774892,0.04048701748251915,0.9996556473829201,0.09475775063037872,0.01845739409327507,0.9567099809646606,0.961038961038961,0.10571581870317459,0.9985569985569985,0.050070278346538544,0.011933960020542145,0.9740259647369385,0.9696969696969697,0.07199038565158844,0.9992347719620447,0.07696131803095341,0.03227384574711323,0.2693199999630451,complete,0.04839140176773071,0.4914744671385893,True,0.020380280911922455,50,50,12.136643250007182,True,"[18, 18, 18, 19, 18, 19, 18]",mps,False,True,/Users/danielmunch/Projects/tabpfn-compile/artifacts/gate2/image-segmentation/compiled-128-43-stratified.csv,0,5.677342414855957e-06,3.3527612686157227e-07
image-segmentation,128,44,1386,19,7,2310,"{'BRICKFACE': 330, 'SKY': 330, 'FOLIAGE': 330, 'CEMENT': 330, 'WINDOW': 330, 'PATH': 330, 'GRASS': 330}","[198, 198, 198, 198, 198, 198, 198]","[18, 18, 19, 18, 18, 19, 18]",False,0.09281916171312332,0.024605125188827515,0.9523809552192688,0.9502164502164502,0.12891194224357605,0.9970593379684288,0.12557171285152435,0.031363941729068756,0.9307359457015991,0.9307359307359307,0.15505380928516388,0.9963924963924963,0.11722718179225922,0.030175715684890747,0.948051929473877,0.9393939393939394,0.16342996060848236,0.9959552232279505,0.03275255113840103,0.024408020079135895,0.26697179197799414,0.013121805153787136,0.003813591320067644,0.9956709742546082,0.9935064935064936,0.04017993435263634,0.9992948970221697,0.14944711327552795,0.026911986991763115,0.9350649118423462,0.935064935064935,0.17992936074733734,0.9954960864051773,0.06507770717144012,0.014030326157808304,0.9653679728507996,0.9567099567099567,0.10354521870613098,0.9980322707595434,0.13632530812174082,0.05195590201765299,0.26766754093114287,complete,0.05214947462081909,0.44485821311676915,True,-0.0238754004240036,40,50,12.102989375009201,True,"[18, 18, 19, 18, 18, 19, 18]",mps,False,True,/Users/danielmunch/Projects/tabpfn-compile/artifacts/gate2/image-segmentation/compiled-128-44-stratified.csv,0,1.233816146850586e-05,5.21540641784668e-07
landsat-satellite,8,42,3861,36,6,6435,"{'1': 1533, '7': 1508, '3': 1358, '5': 707, '2': 703, '4': 626}","[920, 422, 815, 375, 424, 905]","[2, 1, 1, 1, 1, 2]",False,0.8299104571342468,0.2363511025905609,0.7808857560157776,0.7746697746697747,1.0046695470809937,0.9466675638109531,0.8272426128387451,0.23509609699249268,0.7682737112045288,0.749611197511664,1.0173718929290771,0.9306149141997864,0.8257489204406738,0.23442688584327698,0.7795031070709229,0.7577639751552795,1.013206958770752,0.9414612944013614,-0.002667844295501709,-0.004161536693572998,2.0840645839925855,0.3841854929924011,0.10793675482273102,0.8453768491744995,0.8290598290598291,0.558558464050293,0.9665118873366779,0.4004065692424774,0.10996651649475098,0.8273717164993286,0.807153965785381,0.6062343716621399,0.9545083030840492,0.4099920094013214,0.11169715225696564,0.8354037404060364,0.8090062111801242,0.6075013875961304,0.9584892657328347,0.016221076250076294,0.025806516408920288,1.616000916925259,complete,0.4157569110393524,0.5034907109748048,True,0.4268360435962677,50,50,33.51624991593417,True,"[2, 1, 1, 1, 1, 2]",cpu,True,False,/Users/danielmunch/Projects/tabpfn-compile/artifacts/gate2/landsat-satellite/compiled-8-42-stratified.csv,0,0.16772907972335815,0.004997551441192627
landsat-satellite,8,43,3861,36,6,6435,"{'1': 1533, '7': 1508, '3': 1358, '5': 707, '2': 703, '4': 626}","[920, 422, 815, 375, 424, 905]","[2, 1, 1, 1, 1, 2]",False,0.8574507236480713,0.2451210916042328,0.7560217380523682,0.7474747474747475,1.0391380786895752,0.9486322363916466,0.8497284054756165,0.24277693033218384,0.7776049971580505,0.7667185069984448,1.0392091274261475,0.9394400314186088,0.8622527718544006,0.24594758450984955,0.7437888383865356,0.7515527950310559,1.047000765800476,0.9479605632957565,-0.007722318172454834,0.004802048206329346,1.6162176670040935,0.42413192987442017,0.11660692095756531,0.8282828330993652,0.8104118104118104,0.5979505777359009,0.9621542879928434,0.41676104068756104,0.1123579666018486,0.8351477384567261,0.807153965785381,0.6262164115905762,0.9544224766177063,0.45671388506889343,0.12245599925518036,0.8121117949485779,0.7950310559006211,0.6439192891120911,0.9563529030751301,-0.007370889186859131,0.03258195519447327,1.6416013750713319,complete,0.4055388867855072,0.4703248281978109,True,0.4329673647880554,50,50,33.68944266694598,True,"[2, 1, 1, 1, 1, 2]",cpu,True,False,/Users/danielmunch/Projects/tabpfn-compile/artifacts/gate2/landsat-satellite/compiled-8-43-stratified.csv,0,0.25986215472221375,0.012854933738708496
landsat-satellite,8,44,3861,36,6,6435,"{'1': 1533, '7': 1508, '3': 1358, '5': 707, '2': 703, '4': 626}","[920, 422, 815, 375, 424, 905]","[2, 1, 1, 1, 1, 2]",False,1.0481750965118408,0.2869946360588074,0.6091685891151428,0.6146076146076146,1.2270047664642334,0.8484490823617711,1.013278841972351,0.2803703844547272,0.6609642505645752,0.6609642301710731,1.1949336528778076,0.8622037788520259,1.0328408479690552,0.28368455171585083,0.638198733329773,0.6242236024844721,1.2216053009033203,0.8516149601271127,-0.034896254539489746,-0.015334248542785645,1.6380563749698922,0.5926439762115479,0.16081586480140686,0.7622377872467041,0.749028749028749,0.7673325538635254,0.924151945182051,0.5668931007385254,0.1534910798072815,0.7744945287704468,0.7636080870917574,0.7558889985084534,0.9246106090089902,0.5917884111404419,0.15793010592460632,0.7732919454574585,0.7562111801242236,0.7850322723388672,0.9208611356372142,-0.02575087547302246,-0.000855565071105957,1.6290430830558762,complete,0.4410524368286133,0.42702846009226353,True,0.4463857412338257,50,50,33.25891275005415,True,"[2, 1, 1, 1, 1, 2]",cpu,True,False,/Users/danielmunch/Projects/tabpfn-compile/artifacts/gate2/landsat-satellite/compiled-8-44-stratified.csv,0,0.14570772647857666,0.008397400379180908
landsat-satellite,32,42,3861,36,6,6435,"{'1': 1533, '7': 1508, '3': 1358, '5': 707, '2': 703, '4': 626}","[920, 422, 815, 375, 424, 905]","[8, 3, 7, 3, 4, 7]",False,0.26336443424224854,0.06110164895653725,0.8616938591003418,0.8407148407148407,0.4284133017063141,0.9731569225462859,0.26661762595176697,0.06285835802555084,0.8475894331932068,0.8289269051321928,0.487248033285141,0.9688251338408054,0.2999444603919983,0.06610264629125595,0.8540372848510742,0.827639751552795,0.5016166567802429,0.9652069558335453,0.0032531917095184326,0.036580026149749756,1.7880655829794705,0.1443730890750885,0.03661432862281799,0.9098678827285767,0.8834498834498834,0.3123874068260193,0.9821981949276594,0.17152026295661926,0.04232504218816757,0.8958009481430054,0.8615863141524106,0.3902019262313843,0.9751439713277251,0.16990584135055542,0.0415966622531414,0.8975155353546143,0.8618012422360248,0.3720180094242096,0.9752088439158674,0.02714717388153076,0.02553275227546692,1.783786875079386,complete,0.13003861904144287,0.43354232604094445,True,0.0950973629951477,50,50,37.85578712495044,True,"[8, 3, 7, 3, 4, 7]",cpu,True,False,/Users/danielmunch/Projects/tabpfn-compile/artifacts/gate2/landsat-satellite/compiled-32-42-stratified.csv,0,0.2162328064441681,0.0032816082239151
landsat-satellite,32,43,3861,36,6,6435,"{'1': 1533, '7': 1508, '3': 1358, '5': 707, '2': 703, '4': 626}","[920, 422, 815, 375, 424, 905]","[8, 3, 7, 3, 4, 7]",False,0.2691752016544342,0.06304151564836502,0.8749029040336609,0.8508158508158508,0.44359132647514343,0.9719589533142297,0.30343249440193176,0.06691119819879532,0.858475923538208,0.8320373250388803,0.5242136120796204,0.9653958772359652,0.32672378420829773,0.07084410637617111,0.8493788838386536,0.8229813664596274,0.5222312211990356,0.9662785582394768,0.03425729274749756,0.057548582553863525,1.7894390830770135,0.14525842666625977,0.03633956238627434,0.9059829115867615,0.8787878787878788,0.32055214047431946,0.9809404582028028,0.18474289774894714,0.04361835867166519,0.8973561525344849,0.864696734059098,0.39794495701789856,0.9737349595028858,0.18963859975337982,0.04443871229887009,0.8819875717163086,0.8478260869565217,0.3959481418132782,0.9736729925212905,0.03948447108268738,0.044380173087120056,1.813759374897927,complete,0.1370851844549179,0.41957516128523215,True,0.11868959665298462,50,50,38.04540779197123,True,"[8, 3, 7, 3, 4, 7]",cpu,True,False,/Users/danielmunch/Projects/tabpfn-compile/artifacts/gate2/landsat-satellite/compiled-32-43-stratified.csv,0,0.059567391872406006,0.000547066330909729
landsat-satellite,32,44,3861,36,6,6435,"{'1': 1533, '7': 1508, '3': 1358, '5': 707, '2': 703, '4': 626}","[920, 422, 815, 375, 424, 905]","[8, 3, 7, 3, 4, 7]",False,0.3511580526828766,0.0970839112997055,0.8344988226890564,0.8267288267288267,0.5128384232521057,0.9649098326177198,0.34804004430770874,0.09438059478998184,0.8335925340652466,0.8180404354587869,0.5402854681015015,0.962128519398617,0.34620919823646545,0.0926784873008728,0.8385093212127686,0.8167701863354038,0.5322373509407043,0.9628734577093584,-0.0031180083751678467,-0.004948854446411133,1.8243414170574397,0.161951944231987,0.043365977704524994,0.8958818912506104,0.8717948717948718,0.32918602228164673,0.9801972724803392,0.1928262710571289,0.049529969692230225,0.8802488446235657,0.8569206842923794,0.40123093128204346,0.9717544197611647,0.1906750649213791,0.04769759252667427,0.8819875717163086,0.8571428571428571,0.37558162212371826,0.9741732113623179,0.030874326825141907,0.02872312068939209,1.6399023750564083,complete,0.15553413331508636,0.44924899196021506,True,0.15521377325057983,50,50,38.58241404197179,True,"[8, 3, 7, 3, 4, 7]",cpu,True,False,/Users/danielmunch/Projects/tabpfn-compile/artifacts/gate2/landsat-satellite/compiled-32-44-stratified.csv,0,0.0970335304737091,0.0010138601064682007
landsat-satellite,128,42,3861,36,6,6435,"{'1': 1533, '7': 1508, '3': 1358, '5': 707, '2': 703, '4': 626}","[920, 422, 815, 375, 424, 905]","[31, 14, 27, 12, 14, 30]",False,0.22532737255096436,0.051668427884578705,0.8655788898468018,0.8492618492618492,0.39674606919288635,0.9721736934777913,0.23043307662010193,0.054519496858119965,0.858475923538208,0.8258164852255054,0.43786534667015076,0.9721173342482817,0.22736379504203796,0.051686979830265045,0.8742235898971558,0.8369565217391305,0.4190896451473236,0.9736699377095839,0.005105704069137573,0.0020364224910736084,2.4841890829848126,0.0954161137342453,0.024219201877713203,0.9355089068412781,0.9052059052059052,0.2652738094329834,0.9862588317028873,0.12540452182292938,0.030770033597946167,0.9082425832748413,0.8662519440124417,0.32936644554138184,0.981862748291288,0.11706635355949402,0.028455425053834915,0.9145962595939636,0.8695652173913043,0.316979318857193,0.9805657997103658,0.029988408088684082,0.021650239825248718,2.4308007499203086,complete,0.11029744148254395,0.4851143580804091,True,0.10502855479717255,50,50,55.43450833298266,True,"[31, 14, 27, 12, 14, 30]",cpu,True,False,/Users/danielmunch/Projects/tabpfn-compile/artifacts/gate2/landsat-satellite/compiled-128-42-stratified.csv,0,0.06943690776824951,0.0013131052255630493
landsat-satellite,128,43,3861,36,6,6435,"{'1': 1533, '7': 1508, '3': 1358, '5': 707, '2': 703, '4': 626}","[920, 422, 815, 375, 424, 905]","[31, 14, 27, 12, 14, 30]",False,0.21003195643424988,0.04992547631263733,0.8717948794364929,0.8531468531468531,0.3778166174888611,0.9726475541522769,0.215195432305336,0.05115726962685585,0.8786936402320862,0.8429237947122862,0.42267799377441406,0.9710088696821634,0.20746536552906036,0.048819757997989655,0.8835403919219971,0.8478260869565217,0.4013670086860657,0.9727310199500941,0.005163475871086121,-0.002566590905189514,2.440807458013296,0.08890019357204437,0.02310354635119438,0.9347319602966309,0.9075369075369075,0.259824275970459,0.9860842379791112,0.11932861804962158,0.029959848150610924,0.9269051551818848,0.8833592534992224,0.3220181465148926,0.9811087221037894,0.1151890829205513,0.02867526188492775,0.9208074808120728,0.8850931677018633,0.3145802617073059,0.9792946422361669,0.03042842447757721,0.026288889348506927,2.4489315829705447,complete,0.09227628260850906,0.4447792159100581,True,0.09586681425571442,50,50,55.278736584004946,True,"[31, 14, 27, 12, 14, 30]",cpu,True,False,/Users/danielmunch/Projects/tabpfn-compile/artifacts/gate2/landsat-satellite/compiled-128-43-stratified.csv,0,0.10258996486663818,0.000818200409412384
landsat-satellite,128,44,3861,36,6,6435,"{'1': 1533, '7': 1508, '3': 1358, '5': 707, '2': 703, '4': 626}","[920, 422, 815, 375, 424, 905]","[31, 14, 27, 12, 14, 30]",False,0.19408312439918518,0.050791509449481964,0.8756798505783081,0.8515928515928516,0.3716151714324951,0.9746082335235243,0.17993353307247162,0.04737822711467743,0.8880248665809631,0.8584758942457231,0.37700873613357544,0.97565728431155,0.20006011426448822,0.050937965512275696,0.8742235898971558,0.8385093167701864,0.38528311252593994,0.9748578038803322,-0.014149591326713562,0.0059769898653030396,2.4500430000480264,0.10062111169099808,0.024829823523759842,0.9355089068412781,0.9114219114219114,0.2655027210712433,0.9843320340217686,0.13992854952812195,0.03403580188751221,0.9051321744918823,0.8771384136858476,0.33432790637016296,0.9783776179352456,0.1310412436723709,0.0315241776406765,0.9192546606063843,0.8804347826086957,0.3280567526817322,0.9780985407304104,0.03930743783712387,0.030420131981372833,2.4495081669883803,complete,0.06901887059211731,0.34499065866208267,True,0.04000498354434967,50,50,55.470114208059385,True,"[31, 14, 27, 12, 14, 30]",cpu,True,False,/Users/danielmunch/Projects/tabpfn-compile/artifacts/gate2/landsat-satellite/compiled-128-44-stratified.csv,0,0.0832119882106781,0.0031076520681381226
